id,domanda,reale,alternative_json,prob_media_unita,generata_dist,corretta
1,are there any games that are cross platform,true,"[{""domanda_alt"": ""are there any games that are cross platform"", ""risposta_pulita"": ""true"", ""prob_unita_alt"": ""T:99.99838596% F:0.00131286% O:0.00022352%"", ""p_true_raw"": 0.9999838596037876, ""p_false_raw"": 1.3128619966672296e-05}, {""domanda_alt"": ""Do any video games offer compatibility across multiple platforms?"", ""risposta_pulita"": ""true"", ""prob_unita_alt"": ""T:99.99874243% F:0.00097055% O:0.00023175%"", ""p_true_raw"": 0.99998742433037, ""p_false_raw"": 9.70547909465333e-06}, {""domanda_alt"": ""Are there any video game titles that provide cross-platform"", ""risposta_pulita"": ""true"", ""prob_unita_alt"": ""T:99.98948999% F:0.01003093% O:0.00035520%"", ""p_true_raw"": 0.9998948999222266, ""p_false_raw"": 0.00010030926630639832}, {""domanda_alt"": ""Do certain video games offer compatibility across multiple platforms?"", ""risposta_pulita"": ""true"", ""prob_unita_alt"": ""T:99.99709738% F:0.00256264% O:0.00028445%"", ""p_true_raw"": 0.9999709737642836, ""p_false_raw"": 2.5626374885953896e-05}, {""domanda_alt"": ""Do various video game titles support simultaneous play on multiple"", ""risposta_pulita"": ""true"", ""prob_unita_alt"": ""T:99.96686740% F:0.03242560% O:0.00049738%"", ""p_true_raw"": 0.9996686739654111, ""p_false_raw"": 0.00032425600732741323}]",T:99.99011663% F:0.00946051% A:0.00031846%,5-0,True
2,is there a new kung fu panda coming out,true,"[{""domanda_alt"": ""is there a new kung fu panda coming out"", ""risposta_pulita"": ""false"", ""prob_unita_alt"": ""T:49.60562658% F:50.38303446% O:0.00343373%"", ""p_true_raw"": 0.49605626579092843, ""p_false_raw"": 0.5038303445623091}, {""domanda_alt"": ""Will a fresh Kung Fu Panda film be released"", ""risposta_pulita"": ""false"", ""prob_unita_alt"": ""T:0.28098710% F:99.71739824% O:0.00038852%"", ""p_true_raw"": 0.002809870982309661, ""p_false_raw"": 0.9971739824134369}, {""domanda_alt"": ""Is there a possibility of a new Kung Fu"", ""risposta_pulita"": ""true"", ""prob_unita_alt"": ""T:97.91339086% F:2.08230268% O:0.00255959%"", ""p_true_raw"": 0.9791339085762504, ""p_false_raw"": 0.020823026750292156}, {""domanda_alt"": ""Can one imagine the emergence of a fresh Kung"", ""risposta_pulita"": ""false"", ""prob_unita_alt"": ""T:0.76162905% F:99.23639267% O:0.00047552%"", ""p_true_raw"": 0.007616290536590628, ""p_false_raw"": 0.9923639267203139}, {""domanda_alt"": ""Is it feasible to envision the sudden appearance of a"", ""risposta_pulita"": ""false"", ""prob_unita_alt"": ""T:6.34289251% F:93.64727303% O:0.00192491%"", ""p_true_raw"": 0.06342892508954519, ""p_false_raw"": 0.9364727302565976}]",T:30.98090522% F:69.01328021% A:0.00175646%,4-1,False
3,is there wheel of fortune in other countries,true,"[{""domanda_alt"": ""is there wheel of fortune in other countries"", ""risposta_pulita"": ""true"", ""prob_unita_alt"": ""T:99.99468568% F:0.00501545% O:0.00023761%"", ""p_true_raw"": 0.9999468568116214, ""p_false_raw"": 5.0154526608835106e-05}, {""domanda_alt"": ""Are versions of Wheel of Fortune played in other countries"", ""risposta_pulita"": ""true"", ""prob_unita_alt"": ""T:99.99882921% F:0.00100302% O:0.00012946%"", ""p_true_raw"": 0.9999882921164058, ""p_false_raw"": 1.0030184868232348e-05}, {""domanda_alt"": ""Do adaptations of Wheel of Fortune exist outside of their"", ""risposta_pulita"": ""true"", ""prob_unita_alt"": ""T:99.98088563% F:0.01877548% O:0.00024209%"", ""p_true_raw"": 0.9998088562522025, ""p_false_raw"": 0.00018775480196337368}, {""domanda_alt"": ""Are there versions or spin-offs of Wheel of Fortune"", ""risposta_pulita"": ""true"", ""prob_unita_alt"": ""T:99.99842512% F:0.00140214% O:0.00012054%"", ""p_true_raw"": 0.9999842512163175, ""p_false_raw"": 1.4021440414131805e-05}, {""domanda_alt"": ""Does the popular TV game show Wheel of Fortune have"", ""risposta_pulita"": ""true"", ""prob_unita_alt"": ""T:97.84277645% F:2.15583671% O:0.00076309%"", ""p_true_raw"": 0.9784277644588214, ""p_false_raw"": 0.02155836711006716}]",T:99.56312042% F:0.43640656% A:0.00029856%,5-0,True
4,does the sun ever shine from the north,true,"[{""domanda_alt"": ""does the sun ever shine from the north"", ""risposta_pulita"": ""false"", ""prob_unita_alt"": ""T:11.26963043% F:88.72397424% O:0.00089754%"", ""p_true_raw"": 0.11269630433431192, ""p_false_raw"": 0.8872397424302251}, {""domanda_alt"": ""Does sunlight ever originate from a location above the Earth"", ""risposta_pulita"": ""false"", ""prob_unita_alt"": ""T:0.53177637% F:99.46710252% O:0.00022363%"", ""p_true_raw"": 0.005317763660247986, ""p_false_raw"": 0.9946710252300355}, {""domanda_alt"": ""Can solar radiation emanate from a point situated at"", ""risposta_pulita"": ""false"", ""prob_unita_alt"": ""T:27.88777667% F:72.10366957% O:0.00152720%"", ""p_true_raw"": 0.2788777667028783, ""p_false_raw"": 0.7210366956695108}, {""domanda_alt"": ""Does solar radiation originate from a location having"", ""risposta_pulita"": ""true"", ""prob_unita_alt"": ""T:53.10312258% F:46.88457892% O:0.00331974%"", ""p_true_raw"": 0.5310312258306895, ""p_false_raw"": 0.468845789224996}, {""domanda_alt"": ""Does the source of solar radiation lie within a geographical"", ""risposta_pulita"": ""true"", ""prob_unita_alt"": ""T:82.05609994% F:17.93839275% O:0.00191433%"", ""p_true_raw"": 0.8205609993971295, ""p_false_raw"": 0.17938392750936358}]",T:34.96968120% F:65.02354360% A:0.00157649%,3-2,False
5,does the crew 2 have a story line,false,"[{""domanda_alt"": ""does the crew 2 have a story line"", ""risposta_pulita"": ""true"", ""prob_unita_alt"": ""T:94.41188447% F:5.58328855% O:0.00297268%"", ""p_true_raw"": 0.9441188446748001, ""p_false_raw"": 0.055832885534275754}, {""domanda_alt"": ""Is there a narrative thread or plot progression in Crew"", ""risposta_pulita"": ""true"", ""prob_unita_alt"": ""T:88.62235923% F:11.37425452% O:0.00173593%"", ""p_true_raw"": 0.8862235922548466, ""p_false_raw"": 0.11374254515838342}, {""domanda_alt"": ""Does Crew exhibit a cohesive storyline or sequence of events"", ""risposta_pulita"": ""false"", ""prob_unita_alt"": ""T:11.65676726% F:88.34005739% O:0.00099910%"", ""p_true_raw"": 0.11656767255772439, ""p_false_raw"": 0.8834005739474708}, {""domanda_alt"": ""Is there a narrative continuity or chronological flow evident in"", ""risposta_pulita"": ""false"", ""prob_unita_alt"": ""T:36.67564527% F:63.30900976% O:0.00383907%"", ""p_true_raw"": 0.3667564526585773, ""p_false_raw"": 0.6330900976222643}, {""domanda_alt"": ""Does the sequence reveal a consistent narrative progression or temporal"", ""risposta_pulita"": ""false"", ""prob_unita_alt"": ""T:2.50374409% F:97.49016322% O:0.00171253%"", ""p_true_raw"": 0.02503744090065884, ""p_false_raw"": 0.9749016322052451}]",T:46.77408006% F:53.21935469% A:0.00225186%,3-2,True
6,can you use the euro in the czech republic,false,"[{""domanda_alt"": ""can you use the euro in the czech republic"", ""risposta_pulita"": ""false"", ""prob_unita_alt"": ""T:0.12377701% F:99.87501769% O:0.00031181%"", ""p_true_raw"": 0.0012377700824238594, ""p_false_raw"": 0.9987501769283171}, {""domanda_alt"": ""Is the Euro a suitable currency for transactions in the"", ""risposta_pulita"": ""false"", ""prob_unita_alt"": ""T:7.19662666% F:92.78781843% O:0.00391153%"", ""p_true_raw"": 0.07196626658785596, ""p_false_raw"": 0.9278781842545427}, {""domanda_alt"": ""Is the European Union's official currency an appropriate medium"", ""risposta_pulita"": ""false"", ""prob_unita_alt"": ""T:0.05736591% F:99.94046677% O:0.00077950%"", ""p_true_raw"": 0.0005736590894086306, ""p_false_raw"": 0.9994046677497227}, {""domanda_alt"": ""Does the Euro constitute a suitable means of exchange for"", ""risposta_pulita"": ""false"", ""prob_unita_alt"": ""T:14.44030919% F:85.54841009% O:0.00192255%"", ""p_true_raw"": 0.144403091888665, ""p_false_raw"": 0.8554841009446652}, {""domanda_alt"": ""Is the Euro an effective medium of exchange?"", ""risposta_pulita"": ""false"", ""prob_unita_alt"": ""T:0.02502556% F:99.97078110% O:0.00144164%"", ""p_true_raw"": 0.00025025555458187457, ""p_false_raw"": 0.9997078110212549}]",T:4.36862086% F:95.62449882% A:0.00167341%,5-0,True
7,is there a season three of doctor doctor,true,"[{""domanda_alt"": ""is there a season three of doctor doctor"", ""risposta_pulita"": ""true"", ""prob_unita_alt"": ""T:99.97497148% F:0.02471640% O:0.00023093%"", ""p_true_raw"": 0.9997497148215483, ""p_false_raw"": 0.00024716396682012977}, {""domanda_alt"": ""Does Doctor Doctor have a third installment in its series"", ""risposta_pulita"": ""true"", ""prob_unita_alt"": ""T:99.97567488% F:0.02404323% O:0.00021274%"", ""p_true_raw"": 0.9997567487938519, ""p_false_raw"": 0.0002404322849992641}, {""domanda_alt"": ""Is a third part of the \""Doctor Doctor\"""", ""risposta_pulita"": ""true"", ""prob_unita_alt"": ""T:89.62397275% F:10.37356177% O:0.00122725%"", ""p_true_raw"": 0.8962397275183089, ""p_false_raw"": 0.10373561767280404}, {""domanda_alt"": ""Is one-third of the total phrase equivalent to the"", ""risposta_pulita"": ""false"", ""prob_unita_alt"": ""T:16.78027101% F:83.20525577% O:0.00376397%"", ""p_true_raw"": 0.16780271006264724, ""p_false_raw"": 0.8320525577309816}, {""domanda_alt"": ""Does a phrase representing one-third of the entire phrase"", ""risposta_pulita"": ""false"", ""prob_unita_alt"": ""T:8.02135084% F:91.97309135% O:0.00148481%"", ""p_true_raw"": 0.08021350837298534, ""p_false_raw"": 0.9197309134864987}]",T:62.87524819% F:37.12013370% A:0.00138394%,3-2,True
8,can puppies see when they open their eyes,true,"[{""domanda_alt"": ""can puppies see when they open their eyes"", ""risposta_pulita"": ""false"", ""prob_unita_alt"": ""T:0.00538698% F:99.99389272% O:0.00021695%"", ""p_true_raw"": 5.386979955952818e-05, ""p_false_raw"": 0.999938927205671}, {""domanda_alt"": ""Do puppies possess visual awareness immediately after opening their eyes"", ""risposta_pulita"": ""false"", ""prob_unita_alt"": ""T:0.00016261% F:99.99935518% O:0.00023376%"", ""p_true_raw"": 1.626086648280293e-06, ""p_false_raw"": 0.9999935518049857}, {""domanda_alt"": ""Do puppies exhibit visual perception from the moment they first"", ""risposta_pulita"": ""false"", ""prob_unita_alt"": ""T:0.00417941% F:99.99518694% O:0.00019477%"", ""p_true_raw"": 4.1794079691655334e-05, ""p_false_raw"": 0.9999518693718071}, {""domanda_alt"": ""Do puppies demonstrate visual awareness as soon as they are"", ""risposta_pulita"": ""false"", ""prob_unita_alt"": ""T:0.09691254% F:99.90140806% O:0.00034504%"", ""p_true_raw"": 0.0009691254381911782, ""p_false_raw"": 0.9990140806289067}, {""domanda_alt"": ""Do newborn puppies possess a capacity for visual perception from"", ""risposta_pulita"": ""false"", ""prob_unita_alt"": ""T:0.00331830% F:99.99597362% O:0.00020357%"", ""p_true_raw"": 3.3182997745064244e-05, ""p_false_raw"": 0.9999597362243049}]",T:0.02199197% F:99.97716330% A:0.00023882%,5-0,False
9,will hawaii five o have a season 8,true,"[{""domanda_alt"": ""will hawaii five o have a season 8"", ""risposta_pulita"": ""true"", ""prob_unita_alt"": ""T:99.84014351% F:0.15867077% O:0.00084788%"", ""p_true_raw"": 0.9984014350723982, ""p_false_raw"": 0.0015867076708238935}, {""domanda_alt"": ""Will Hawaii Five-0 be renewed for an eighth"", ""risposta_pulita"": ""false"", ""prob_unita_alt"": ""T:23.08491323% F:76.90648611% O:0.00185971%"", ""p_true_raw"": 0.23084913225966838, ""p_false_raw"": 0.7690648610916139}, {""domanda_alt"": ""Will there be a renewal of Hawaii Five-0"", ""risposta_pulita"": ""true"", ""prob_unita_alt"": ""T:99.98734925% F:0.01214388% O:0.00033040%"", ""p_true_raw"": 0.9998734925247847, ""p_false_raw"": 0.00012143878025697144}, {""domanda_alt"": ""Will Hawaii Five-0 experience a revival in the"", ""risposta_pulita"": ""true"", ""prob_unita_alt"": ""T:89.87785428% F:10.11615106% O:0.00188963%"", ""p_true_raw"": 0.8987785427788582, ""p_false_raw"": 0.10116151062965906}, {""domanda_alt"": ""Will Hawaii Five-0 undergo a renewal or reboot"", ""risposta_pulita"": ""true"", ""prob_unita_alt"": ""T:98.96006505% F:1.00119244% O:0.03590498%"", ""p_true_raw"": 0.9896006504548427, ""p_false_raw"": 0.010011924361570314}]",T:82.35006506% F:17.63892885% A:0.00816652%,4-1,True
10,can you marry more than one person in the us,false,"[{""domanda_alt"": ""can you marry more than one person in the us"", ""risposta_pulita"": ""false"", ""prob_unita_alt"": ""T:0.00115763% F:99.99816412% O:0.00029454%"", ""p_true_raw"": 1.1576324227716668e-05, ""p_false_raw"": 0.9999816411954116}, {""domanda_alt"": ""Is it permissible to enter into multiple legal marriages simultaneously"", ""risposta_pulita"": ""false"", ""prob_unita_alt"": ""T:0.02447234% F:99.97468885% O:0.00017163%"", ""p_true_raw"": 0.0002447233557579281, ""p_false_raw"": 0.9997468885460556}, {""domanda_alt"": ""Can one legally engage in multiple concurrent marital relationships?"", ""risposta_pulita"": ""false"", ""prob_unita_alt"": ""T:0.03533653% F:99.96391643% O:0.00015969%"", ""p_true_raw"": 0.0003533653240844014, ""p_false_raw"": 0.9996391642553548}, {""domanda_alt"": ""Is it permissible to enter into and maintain simultaneous marriages"", ""risposta_pulita"": ""false"", ""prob_unita_alt"": ""T:0.01710540% F:99.98174329% O:0.00039776%"", ""p_true_raw"": 0.00017105401505291504, ""p_false_raw"": 0.9998174329335175}, {""domanda_alt"": ""Can multiple marriages be legally upheld at the same time"", ""risposta_pulita"": ""false"", ""prob_unita_alt"": ""T:0.34763967% F:99.65107661% O:0.00039707%"", ""p_true_raw"": 0.003476396678291844, ""p_false_raw"": 0.9965107660738806}]",T:0.08514231% F:99.91391786% A:0.00028414%,5-0,True
11,is there a hulk movie with mark ruffalo,false,"[{""domanda_alt"": ""is there a hulk movie with mark ruffalo"", ""risposta_pulita"": ""true"", ""prob_unita_alt"": ""T:98.69488795% F:1.30344621% O:0.00107485%"", ""p_true_raw"": 0.9869488794586706, ""p_false_raw"": 0.013034462073133295}, {""domanda_alt"": ""Are there any Marvel films featuring Mark Ruffalo"", ""risposta_pulita"": ""true"", ""prob_unita_alt"": ""T:99.88121222% F:0.11826216% O:0.00032980%"", ""p_true_raw"": 0.9988121221825103, ""p_false_raw"": 0.0011826215840193466}, {""domanda_alt"": ""Does the Marvel film franchise include movies that star Mark"", ""risposta_pulita"": ""true"", ""prob_unita_alt"": ""T:95.14048628% F:4.85596141% O:0.00162398%"", ""p_true_raw"": 0.9514048627572909, ""p_false_raw"": 0.04855961412507644}, {""domanda_alt"": ""Are there Marvel films featuring actor Mark as a leading"", ""risposta_pulita"": ""true"", ""prob_unita_alt"": ""T:71.38019296% F:28.61386513% O:0.00125192%"", ""p_true_raw"": 0.7138019295784748, ""p_false_raw"": 0.286138651250967}, {""domanda_alt"": ""Do any Marvel movies star Mark in a primary role"", ""risposta_pulita"": ""false"", ""prob_unita_alt"": ""T:36.95671971% F:63.03666844% O:0.00123801%"", ""p_true_raw"": 0.36956719708979957, ""p_false_raw"": 0.6303666843884959}]",T:80.41069982% F:19.58564067% A:0.00110371%,4-1,False
12,does birth certificate count as a form of id,false,"[{""domanda_alt"": ""does birth certificate count as a form of id"", ""risposta_pulita"": ""true"", ""prob_unita_alt"": ""T:56.59518494% F:43.39460012% O:0.00200367%"", ""p_true_raw"": 0.5659518493990274, ""p_false_raw"": 0.4339460011871674}, {""domanda_alt"": ""Does a birth certificate qualify as a type of identification"", ""risposta_pulita"": ""true"", ""prob_unita_alt"": ""T:83.40587503% F:16.58801530% O:0.00200494%"", ""p_true_raw"": 0.83405875034145, ""p_false_raw"": 0.1658801530388867}, {""domanda_alt"": ""Is a birth certificate considered a legitimate form of identification"", ""risposta_pulita"": ""false"", ""prob_unita_alt"": ""T:45.15840369% F:54.83441913% O:0.00176501%"", ""p_true_raw"": 0.451584036879798, ""p_false_raw"": 0.5483441912903788}, {""domanda_alt"": ""Is a birth certificate viewed as a valid proof of"", ""risposta_pulita"": ""false"", ""prob_unita_alt"": ""T:8.07167039% F:91.91133759% O:0.00327880%"", ""p_true_raw"": 0.08071670393036402, ""p_false_raw"": 0.9191133759166805}, {""domanda_alt"": ""Is a birth certificate considered a reliable indicator of someone"", ""risposta_pulita"": ""false"", ""prob_unita_alt"": ""T:4.12559461% F:95.86853548% O:0.00125006%"", ""p_true_raw"": 0.041255946140945764, ""p_false_raw"": 0.9586853548185481}]",T:39.47134573% F:60.51938153% A:0.00206050%,3-2,True
13,can you be arrested for the same crime twice,true,"[{""domanda_alt"": ""can you be arrested for the same crime twice"", ""risposta_pulita"": ""true"", ""prob_unita_alt"": ""T:99.14932030% F:0.84884699% O:0.00115225%"", ""p_true_raw"": 0.9914932029624851, ""p_false_raw"": 0.008488469936570769}, {""domanda_alt"": ""Can a person face prosecution and potential imprisonment multiple times"", ""risposta_pulita"": ""true"", ""prob_unita_alt"": ""T:99.84841182% F:0.15078388% O:0.00056266%"", ""p_true_raw"": 0.9984841182450253, ""p_false_raw"": 0.0015078388261446573}, {""domanda_alt"": ""Can an individual be subject to repeated criminal charges leading"", ""risposta_pulita"": ""true"", ""prob_unita_alt"": ""T:99.67577792% F:0.32335406% O:0.00053264%"", ""p_true_raw"": 0.9967577792478882, ""p_false_raw"": 0.0032335405973410686}, {""domanda_alt"": ""Is it possible for someone to face multiple legal allegations"", ""risposta_pulita"": ""true"", ""prob_unita_alt"": ""T:99.96988407% F:0.02970769% O:0.00027895%"", ""p_true_raw"": 0.9996988407036416, ""p_false_raw"": 0.00029707685499121987}, {""domanda_alt"": ""Can an individual encounter simultaneous legal claims against them?"", ""risposta_pulita"": ""true"", ""prob_unita_alt"": ""T:99.96748703% F:0.03203583% O:0.00035441%"", ""p_true_raw"": 0.9996748703295233, ""p_false_raw"": 0.00032035832454579006}]",T:99.72217623% F:0.27694569% A:0.00057618%,5-0,True
14,is pasadena part of the san fernando valley,false,"[{""domanda_alt"": ""is pasadena part of the san fernando valley"", ""risposta_pulita"": ""false"", ""prob_unita_alt"": ""T:0.00058323% F:99.99904115% O:0.00012348%"", ""p_true_raw"": 5.832332768241652e-06, ""p_false_raw"": 0.9999904115179631}, {""domanda_alt"": ""Is Pasadena situated within the geographic boundaries of the San"", ""risposta_pulita"": ""false"", ""prob_unita_alt"": ""T:0.00016203% F:99.99949242% O:0.00010195%"", ""p_true_raw"": 1.6202507913830017e-06, ""p_false_raw"": 0.9999949242289264}, {""domanda_alt"": ""Does Pasadena fall within the territorial limits of the San"", ""risposta_pulita"": ""false"", ""prob_unita_alt"": ""T:0.00009739% F:99.99960644% O:0.00009707%"", ""p_true_raw"": 9.738880385635233e-07, ""p_false_raw"": 0.9999960643516373}, {""domanda_alt"": ""Is Pasadena situated entirely within the geographic boundaries defined by"", ""risposta_pulita"": ""false"", ""prob_unita_alt"": ""T:0.00023038% F:99.99946666% O:0.00008735%"", ""p_true_raw"": 2.3038116049512976e-06, ""p_false_raw"": 0.9999946666291715}, {""domanda_alt"": ""Does the entire city of Pasadena fall entirely within the"", ""risposta_pulita"": ""false"", ""prob_unita_alt"": ""T:0.00005852% F:99.99962045% O:0.00013290%"", ""p_true_raw"": 5.852382347053151e-07, ""p_false_raw"": 0.9999962045476659}]",T:0.00022631% F:99.99944543% A:0.00010855%,5-0,True
15,is there going to be a jack reacher 2,true,"[{""domanda_alt"": ""is there going to be a jack reacher 2"", ""risposta_pulita"": ""true"", ""prob_unita_alt"": ""T:77.80649253% F:22.17550502% O:0.00780471%"", ""p_true_raw"": 0.7780649253171381, ""p_false_raw"": 0.2217550502313256}, {""domanda_alt"": ""Will Jack Reacher 2 be made?"", ""risposta_pulita"": ""false"", ""prob_unita_alt"": ""T:19.54538843% F:80.44545087% O:0.00240457%"", ""p_true_raw"": 0.19545388426899954, ""p_false_raw"": 0.8044545086903537}, {""domanda_alt"": ""Will a sequel to Jack Reacher be produced?"", ""risposta_pulita"": ""true"", ""prob_unita_alt"": ""T:99.20265096% F:0.79515067% O:0.00150846%"", ""p_true_raw"": 0.992026509585748, ""p_false_raw"": 0.007951506712196061}, {""domanda_alt"": ""Will there be a follow-up film or series featuring"", ""risposta_pulita"": ""true"", ""prob_unita_alt"": ""T:77.80717463% F:22.18269955% O:0.00296009%"", ""p_true_raw"": 0.7780717463489282, ""p_false_raw"": 0.2218269954770775}, {""domanda_alt"": ""Will a sequel or spin-off to this project be"", ""risposta_pulita"": ""true"", ""prob_unita_alt"": ""T:62.11910176% F:37.86230285% O:0.00442468%"", ""p_true_raw"": 0.6211910176294507, ""p_false_raw"": 0.37862302852384583}]",T:67.29616166% F:32.69222179% A:0.00382050%,4-1,True
16,is a processor the same as a motherboard,false,"[{""domanda_alt"": ""is a processor the same as a motherboard"", ""risposta_pulita"": ""false"", ""prob_unita_alt"": ""T:0.00003765% F:99.99960179% O:0.00016277%"", ""p_true_raw"": 3.765416085260339e-07, ""p_false_raw"": 0.9999960179343854}, {""domanda_alt"": ""Does a central processing unit equate to the primary"", ""risposta_pulita"": ""false"", ""prob_unita_alt"": ""T:36.27282476% F:63.72000035% O:0.00150422%"", ""p_true_raw"": 0.3627282476023078, ""p_false_raw"": 0.6372000035381461}, {""domanda_alt"": ""Is a central processing unit synonymous with the principal computing"", ""risposta_pulita"": ""false"", ""prob_unita_alt"": ""T:8.50023500% F:91.49494821% O:0.00115726%"", ""p_true_raw"": 0.08500234998866192, ""p_false_raw"": 0.9149494821458409}, {""domanda_alt"": ""Is the term \""central processing unit\"" equivalent to"", ""risposta_pulita"": ""true"", ""prob_unita_alt"": ""T:62.99095571% F:37.00093306% O:0.00166614%"", ""p_true_raw"": 0.6299095570808907, ""p_false_raw"": 0.3700093305993592}, {""domanda_alt"": ""Can the expression \""brain of the computer\"" be"", ""risposta_pulita"": ""true"", ""prob_unita_alt"": ""T:68.78684321% F:31.19057797% O:0.00743497%"", ""p_true_raw"": 0.6878684321055151, ""p_false_raw"": 0.31190577968923844}]",T:35.31017927% F:64.68121228% A:0.00238507%,3-2,True
17,will private eyes be renewed for season 3,true,"[{""domanda_alt"": ""will private eyes be renewed for season 3"", ""risposta_pulita"": ""true"", ""prob_unita_alt"": ""T:98.46544663% F:1.53132693% O:0.00229973%"", ""p_true_raw"": 0.9846544662556048, ""p_false_raw"": 0.015313269328154296}, {""domanda_alt"": ""Will \""Private Eyes\"" receive a third season renewal"", ""risposta_pulita"": ""true"", ""prob_unita_alt"": ""T:99.93565323% F:0.06335310% O:0.00081875%"", ""p_true_raw"": 0.9993565322564117, ""p_false_raw"": 0.0006335309603213067}, {""domanda_alt"": ""Will the upcoming season of \""Private Eyes\"" get"", ""risposta_pulita"": ""true"", ""prob_unita_alt"": ""T:99.87969315% F:0.11940158% O:0.00070748%"", ""p_true_raw"": 0.9987969315123647, ""p_false_raw"": 0.0011940158352891654}, {""domanda_alt"": ""Will there be a forthcoming installment of the TV series"", ""risposta_pulita"": ""true"", ""prob_unita_alt"": ""T:99.99419601% F:0.00556219% O:0.00018762%"", ""p_true_raw"": 0.9999419601216091, ""p_false_raw"": 5.562191756267035e-05}, {""domanda_alt"": ""Is another episode of the TV series scheduled for release"", ""risposta_pulita"": ""true"", ""prob_unita_alt"": ""T:98.61024711% F:1.38712598% O:0.00178636%"", ""p_true_raw"": 0.9861024711281369, ""p_false_raw"": 0.013871259788852714}]",T:99.37704723% F:0.62135396% A:0.00115999%,5-0,True
18,does gram positive have a thick cell wall,true,"[{""domanda_alt"": ""does gram positive have a thick cell wall"", ""risposta_pulita"": ""true"", ""prob_unita_alt"": ""T:99.98860326% F:0.01110600% O:0.00019971%"", ""p_true_raw"": 0.9998860325900719, ""p_false_raw"": 0.00011105995688744235}, {""domanda_alt"": ""Is Gram-positive bacteria characterized by a robust pept"", ""risposta_pulita"": ""true"", ""prob_unita_alt"": ""T:99.35934225% F:0.63928009% O:0.00089386%"", ""p_true_raw"": 0.993593422549857, ""p_false_raw"": 0.00639280086278812}, {""domanda_alt"": ""Does a robust peptidoglycan layer"", ""risposta_pulita"": ""true"", ""prob_unita_alt"": ""T:98.68815471% F:1.30957481% O:0.00105744%"", ""p_true_raw"": 0.986881547129295, ""p_false_raw"": 0.013095748070010946}, {""domanda_alt"": ""Is there a dense and sturdy layer of pept"", ""risposta_pulita"": ""true"", ""prob_unita_alt"": ""T:99.92453376% F:0.07236296% O:0.00268219%"", ""p_true_raw"": 0.9992453375963575, ""p_false_raw"": 0.0007236296498893}, {""domanda_alt"": ""Does a thick and robust layer of pericard"", ""risposta_pulita"": ""false"", ""prob_unita_alt"": ""T:0.01251061% F:99.98192355% O:0.00188246%"", ""p_true_raw"": 0.00012510612859029208, ""p_false_raw"": 0.9998192355077564}]",T:79.59462892% F:20.40284948% A:0.00134313%,4-1,True
19,can a car run on anything other than gas,true,"[{""domanda_alt"": ""can a car run on anything other than gas"", ""risposta_pulita"": ""true"", ""prob_unita_alt"": ""T:99.93450321% F:0.06466381% O:0.00063940%"", ""p_true_raw"": 0.9993450320981151, ""p_false_raw"": 0.0006466380699264006}, {""domanda_alt"": ""Is there an alternative fuel source capable of powering a"", ""risposta_pulita"": ""true"", ""prob_unita_alt"": ""T:99.71566821% F:0.28081530% O:0.00239914%"", ""p_true_raw"": 0.9971566820902538, ""p_false_raw"": 0.0028081530366253866}, {""domanda_alt"": ""Does another energy source exist that can effectively energize"", ""risposta_pulita"": ""true"", ""prob_unita_alt"": ""T:99.97566587% F:0.02372554% O:0.00043036%"", ""p_true_raw"": 0.9997566587232213, ""p_false_raw"": 0.00023725541979966082}, {""domanda_alt"": ""Is there a distinct alternative energy source capable of generating"", ""risposta_pulita"": ""false"", ""prob_unita_alt"": ""T:10.12887901% F:89.85877360% O:0.00358904%"", ""p_true_raw"": 0.10128879011552847, ""p_false_raw"": 0.8985877360356782}, {""domanda_alt"": ""Is there an alternative energy source that can produce power"", ""risposta_pulita"": ""true"", ""prob_unita_alt"": ""T:95.70061108% F:4.26963821% O:0.02634295%"", ""p_true_raw"": 0.9570061108206186, ""p_false_raw"": 0.0426963820718243}]",T:81.09106548% F:18.89952329% A:0.00668018%,4-1,True
20,do both male and female rhinos have horns,true,"[{""domanda_alt"": ""do both male and female rhinos have horns"", ""risposta_pulita"": ""false"", ""prob_unita_alt"": ""T:1.11974130% F:98.87831553% O:0.00033531%"", ""p_true_raw"": 0.011197412976295382, ""p_false_raw"": 0.9887831553051126}, {""domanda_alt"": ""Do all rhinos, regardless of gender, possess"", ""risposta_pulita"": ""false"", ""prob_unita_alt"": ""T:43.46414674% F:56.52367662% O:0.00413249%"", ""p_true_raw"": 0.43464146743419707, ""p_false_raw"": 0.5652367661932532}, {""domanda_alt"": ""Do rhino populations universally exhibit a characteristic that is"", ""risposta_pulita"": ""false"", ""prob_unita_alt"": ""T:31.07908663% F:68.91277167% O:0.00161103%"", ""p_true_raw"": 0.31079086632135255, ""p_false_raw"": 0.689127716734064}, {""domanda_alt"": ""Do all rhinoceros populations consistently display a"", ""risposta_pulita"": ""false"", ""prob_unita_alt"": ""T:2.33932522% F:97.65658686% O:0.00059604%"", ""p_true_raw"": 0.023393252211055843, ""p_false_raw"": 0.9765658686361524}, {""domanda_alt"": ""Do rhinoceros populations uniformly exhibit a certain"", ""risposta_pulita"": ""false"", ""prob_unita_alt"": ""T:0.83069156% F:99.16713019% O:0.00036010%"", ""p_true_raw"": 0.008306915604148672, ""p_false_raw"": 0.9916713019275404}]",T:15.76659829% F:84.22769618% A:0.00140699%,5-0,False
21,was the spruce goose made out of wood,true,"[{""domanda_alt"": ""was the spruce goose made out of wood"", ""risposta_pulita"": ""true"", ""prob_unita_alt"": ""T:90.66783837% F:9.32684574% O:0.00234261%"", ""p_true_raw"": 0.906678383747595, ""p_false_raw"": 0.09326845739488686}, {""domanda_alt"": ""Did the Spruce Goose primarily consist of wooden material"", ""risposta_pulita"": ""true"", ""prob_unita_alt"": ""T:79.53623464% F:20.45499568% O:0.00270704%"", ""p_true_raw"": 0.7953623463671342, ""p_false_raw"": 0.2045499567508343}, {""domanda_alt"": ""Was the primary composition of the Spruce Goose largely"", ""risposta_pulita"": ""false"", ""prob_unita_alt"": ""T:3.46505872% F:93.90438982% O:2.51698174%"", ""p_true_raw"": 0.0346505871588567, ""p_false_raw"": 0.9390438982114485}, {""domanda_alt"": ""What was the primary material used to construct the majority"", ""risposta_pulita"": ""false"", ""prob_unita_alt"": ""T:3.29133172% F:48.38598541% O:47.94308406%"", ""p_true_raw"": 0.032913317215730264, ""p_false_raw"": 0.4838598540777452}, {""domanda_alt"": ""What material accounted for the largest share in building the"", ""risposta_pulita"": ""false"", ""prob_unita_alt"": ""T:0.64351632% F:26.35110396% O:72.73646199%"", ""p_true_raw"": 0.006435163249195911, ""p_false_raw"": 0.2635110395618389}]",T:35.52079595% F:39.68466412% A:24.64031549%,3-2,False
22,is language the only criteria of classifying state in india,false,"[{""domanda_alt"": ""is language the only criteria of classifying state in india"", ""risposta_pulita"": ""false"", ""prob_unita_alt"": ""T:0.04323425% F:99.95583737% O:0.00015219%"", ""p_true_raw"": 0.0004323424555763816, ""p_false_raw"": 0.9995583736584394}, {""domanda_alt"": ""Is linguistic diversity alone sufficient to define states within India"", ""risposta_pulita"": ""false"", ""prob_unita_alt"": ""T:0.06686163% F:99.93235348% O:0.00022421%"", ""p_true_raw"": 0.0006686163345205979, ""p_false_raw"": 0.9993235347614668}, {""domanda_alt"": ""Is a country's linguistic heterogeneity by itself a"", ""risposta_pulita"": ""false"", ""prob_unita_alt"": ""T:6.76393695% F:93.23062477% O:0.00086441%"", ""p_true_raw"": 0.06763936945700574, ""p_false_raw"": 0.9323062477465748}, {""domanda_alt"": ""Does a country's diversity of languages inherently serve as"", ""risposta_pulita"": ""true"", ""prob_unita_alt"": ""T:71.46846923% F:28.52408388% O:0.00202527%"", ""p_true_raw"": 0.7146846922975365, ""p_false_raw"": 0.2852408388033717}, {""domanda_alt"": ""Is linguistic heterogeneity an inherent characteristic that characterizes"", ""risposta_pulita"": ""false"", ""prob_unita_alt"": ""T:37.39254763% F:62.60027797% O:0.00162067%"", ""p_true_raw"": 0.3739254763045882, ""p_false_raw"": 0.6260027796864394}]",T:23.14700994% F:76.84863549% A:0.00097735%,4-1,True
23,is postal code and zip code the same,true,"[{""domanda_alt"": ""is postal code and zip code the same"", ""risposta_pulita"": ""true"", ""prob_unita_alt"": ""T:61.10241654% F:38.89150465% O:0.00147562%"", ""p_true_raw"": 0.6110241654296641, ""p_false_raw"": 0.38891504654915565}, {""domanda_alt"": ""Are postal codes and zip codes interchangeable terms?"", ""risposta_pulita"": ""true"", ""prob_unita_alt"": ""T:72.77042244% F:27.22659520% O:0.00117012%"", ""p_true_raw"": 0.7277042244126123, ""p_false_raw"": 0.27226595195576647}, {""domanda_alt"": ""Can one use \""zip code\"" and \""postal"", ""risposta_pulita"": ""true"", ""prob_unita_alt"": ""T:99.52815223% F:0.46994773% O:0.00119342%"", ""p_true_raw"": 0.9952815223139926, ""p_false_raw"": 0.0046994772982088436}, {""domanda_alt"": ""Is it acceptable to employ the terms \""zip code"", ""risposta_pulita"": ""true"", ""prob_unita_alt"": ""T:98.72137457% F:1.27628996% O:0.00132635%"", ""p_true_raw"": 0.9872137456812162, ""p_false_raw"": 0.012762899589522293}, {""domanda_alt"": ""Is the usage of \""zip code\"" terminology considered"", ""risposta_pulita"": ""true"", ""prob_unita_alt"": ""T:97.00866925% F:2.98770199% O:0.00214549%"", ""p_true_raw"": 0.9700866924689701, ""p_false_raw"": 0.029877019937657547}]",T:85.82620701% F:14.17040791% A:0.00146220%,5-0,True
24,were the us and soviet union allies in the cold war,false,"[{""domanda_alt"": ""were the us and soviet union allies in the cold war"", ""risposta_pulita"": ""false"", ""prob_unita_alt"": ""T:0.00008874% F:99.99946381% O:0.00019388%"", ""p_true_raw"": 8.873899297276699e-07, ""p_false_raw"": 0.999994638132421}, {""domanda_alt"": ""Did the United States and the Soviet Union maintain a"", ""risposta_pulita"": ""true"", ""prob_unita_alt"": ""T:97.57613211% F:2.42027505% O:0.00148255%"", ""p_true_raw"": 0.9757613211105696, ""p_false_raw"": 0.024202750521577245}, {""domanda_alt"": ""Were the United States and the Soviet Union able to"", ""risposta_pulita"": ""false"", ""prob_unita_alt"": ""T:10.45427486% F:89.52605453% O:0.00379023%"", ""p_true_raw"": 0.10454274863106218, ""p_false_raw"": 0.8952605453331639}, {""domanda_alt"": ""Could the United States and the Soviet Union effectively manage"", ""risposta_pulita"": ""false"", ""prob_unita_alt"": ""T:0.07551133% F:99.92181401% O:0.00065834%"", ""p_true_raw"": 0.0007551132912038219, ""p_false_raw"": 0.9992181400668215}, {""domanda_alt"": ""Would the United States and the Soviet Union be capable"", ""risposta_pulita"": ""false"", ""prob_unita_alt"": ""T:40.16523691% F:59.82131344% O:0.00257927%"", ""p_true_raw"": 0.4016523691294506, ""p_false_raw"": 0.5982131343741887}]",T:29.65424879% F:70.33778417% A:0.00174085%,4-1,True
25,is sudan and south sudan the same country,false,"[{""domanda_alt"": ""is sudan and south sudan the same country"", ""risposta_pulita"": ""false"", ""prob_unita_alt"": ""T:0.00033076% F:99.99936460% O:0.00011200%"", ""p_true_raw"": 3.3075534000113857e-06, ""p_false_raw"": 0.999993645998465}, {""domanda_alt"": ""Are Sudan and South Sudan two separate countries?"", ""risposta_pulita"": ""true"", ""prob_unita_alt"": ""T:98.88895125% F:1.11001241% O:0.00059487%"", ""p_true_raw"": 0.9888895125039897, ""p_false_raw"": 0.011100124099535315}, {""domanda_alt"": ""Do Sudan and South Sudan represent distinct nation-states?"", ""risposta_pulita"": ""true"", ""prob_unita_alt"": ""T:99.90424805% F:0.09504468% O:0.00051038%"", ""p_true_raw"": 0.9990424805023884, ""p_false_raw"": 0.0009504467530702946}, {""domanda_alt"": ""Are Sudan and South Sudan separate sovereign entities with their"", ""risposta_pulita"": ""true"", ""prob_unita_alt"": ""T:99.96507688% F:0.03427407% O:0.00045955%"", ""p_true_raw"": 0.9996507688353545, ""p_false_raw"": 0.00034274069285300415}, {""domanda_alt"": ""Do Sudan and South Sudan possess distinct national sovereignty,"", ""risposta_pulita"": ""true"", ""prob_unita_alt"": ""T:84.99381371% F:14.99934684% O:0.00285040%"", ""p_true_raw"": 0.8499381371307376, ""p_false_raw"": 0.1499934683802604}]",T:76.75048413% F:23.24760852% A:0.00090544%,4-1,False
26,can you travel within the eu with an id card,true,"[{""domanda_alt"": ""can you travel within the eu with an id card"", ""risposta_pulita"": ""true"", ""prob_unita_alt"": ""T:99.75658748% F:0.24181857% O:0.00111427%"", ""p_true_raw"": 0.9975658747560582, ""p_false_raw"": 0.0024181857129629454}, {""domanda_alt"": ""Is it possible to cross EU borders using a national"", ""risposta_pulita"": ""true"", ""prob_unita_alt"": ""T:98.50643868% F:1.49129627% O:0.00121154%"", ""p_true_raw"": 0.9850643868322073, ""p_false_raw"": 0.014912962715834073}, {""domanda_alt"": ""Can one legally traverse European Union boundaries with a non"", ""risposta_pulita"": ""false"", ""prob_unita_alt"": ""T:3.02897667% F:96.96702001% O:0.00086964%"", ""p_true_raw"": 0.03028976670621544, ""p_false_raw"": 0.9696702001410006}, {""domanda_alt"": ""Is it permitted to cross the borders of the European"", ""risposta_pulita"": ""true"", ""prob_unita_alt"": ""T:96.65622169% F:3.34099531% O:0.00121841%"", ""p_true_raw"": 0.9665622168980338, ""p_false_raw"": 0.03340995313653022}, {""domanda_alt"": ""Can one legally traverse the boundaries that define the geographical"", ""risposta_pulita"": ""true"", ""prob_unita_alt"": ""T:86.22131396% F:13.77342009% O:0.00191016%"", ""p_true_raw"": 0.862213139563859, ""p_false_raw"": 0.13773420085998483}]",T:76.83390770% F:23.16291005% A:0.00126480%,4-1,True
27,is flax oil and linseed oil the same,true,"[{""domanda_alt"": ""is flax oil and linseed oil the same"", ""risposta_pulita"": ""true"", ""prob_unita_alt"": ""T:99.91310475% F:0.08619682% O:0.00042869%"", ""p_true_raw"": 0.999131047515908, ""p_false_raw"": 0.0008619681587225674}, {""domanda_alt"": ""Are flax oil and linseed oil interchangeable terms"", ""risposta_pulita"": ""true"", ""prob_unita_alt"": ""T:99.89388792% F:0.10549782% O:0.00038255%"", ""p_true_raw"": 0.9989388791973131, ""p_false_raw"": 0.0010549782137647028}, {""domanda_alt"": ""Can one consider \""flax oil\"" and \"""", ""risposta_pulita"": ""true"", ""prob_unita_alt"": ""T:99.98950823% F:0.01021830% O:0.00015696%"", ""p_true_raw"": 0.99989508233285, ""p_false_raw"": 0.00010218300328278692}, {""domanda_alt"": ""Is it reasonable to regard \""flax oil\"""", ""risposta_pulita"": ""true"", ""prob_unita_alt"": ""T:99.97367367% F:0.02586978% O:0.00028479%"", ""p_true_raw"": 0.9997367366525446, ""p_false_raw"": 0.00025869777665361626}, {""domanda_alt"": ""Can we consider \""flax oil\"" a viable"", ""risposta_pulita"": ""true"", ""prob_unita_alt"": ""T:99.93401300% F:0.06463321% O:0.00089966%"", ""p_true_raw"": 0.9993401300198828, ""p_false_raw"": 0.0006463320946780224}]",T:99.94083751% F:0.05848318% A:0.00043053%,5-0,True
28,is heat index the same as real feel,true,"[{""domanda_alt"": ""is heat index the same as real feel"", ""risposta_pulita"": ""true"", ""prob_unita_alt"": ""T:99.10649804% F:0.89081847% O:0.00157594%"", ""p_true_raw"": 0.9910649803768834, ""p_false_raw"": 0.00890818472953047}, {""domanda_alt"": ""Is there a correspondence between the heat index and one"", ""risposta_pulita"": ""true"", ""prob_unita_alt"": ""T:94.48829279% F:5.50808931% O:0.00168075%"", ""p_true_raw"": 0.944882927885769, ""p_false_raw"": 0.055080893090509356}, {""domanda_alt"": ""Does a correlation exist between the perceived temperature, as"", ""risposta_pulita"": ""true"", ""prob_unita_alt"": ""T:99.91459085% F:0.08469346% O:0.00045383%"", ""p_true_raw"": 0.9991459085391441, ""p_false_raw"": 0.0008469345693691399}, {""domanda_alt"": ""Is there a statistically significant relationship between self-reported thermal"", ""risposta_pulita"": ""false"", ""prob_unita_alt"": ""T:15.92569588% F:84.05666001% O:0.00665728%"", ""p_true_raw"": 0.15925695880935312, ""p_false_raw"": 0.8405666000823143}, {""domanda_alt"": ""Does a quantifiable correlation exist between individuals' subjective"", ""risposta_pulita"": ""true"", ""prob_unita_alt"": ""T:50.77942397% F:49.20080233% O:0.00540007%"", ""p_true_raw"": 0.5077942397317038, ""p_false_raw"": 0.49200802329906185}]",T:72.04290031% F:27.94821272% A:0.00315357%,4-1,True
29,is there a opening ceremony for world cup,true,"[{""domanda_alt"": ""is there a opening ceremony for world cup"", ""risposta_pulita"": ""true"", ""prob_unita_alt"": ""T:99.97315910% F:0.02639107% O:0.00035694%"", ""p_true_raw"": 0.9997315910116433, ""p_false_raw"": 0.00026391074066368236}, {""domanda_alt"": ""Does the FIFA World Cup feature an inaugural event or"", ""risposta_pulita"": ""true"", ""prob_unita_alt"": ""T:96.99810773% F:3.00004947% O:0.00108013%"", ""p_true_raw"": 0.96998107725099, ""p_false_raw"": 0.03000049470823257}, {""domanda_alt"": ""Is there a pre-tournament ceremony in the FIFA"", ""risposta_pulita"": ""true"", ""prob_unita_alt"": ""T:99.56678095% F:0.43248363% O:0.00051580%"", ""p_true_raw"": 0.9956678095406745, ""p_false_raw"": 0.004324836267837247}, {""domanda_alt"": ""Does FIFA hold an event prior to its tournaments?"", ""risposta_pulita"": ""true"", ""prob_unita_alt"": ""T:90.77593138% F:9.21997658% O:0.00252284%"", ""p_true_raw"": 0.9077593137956569, ""p_false_raw"": 0.0921997658030467}, {""domanda_alt"": ""Does FIFA organize a prelude or precursor to its"", ""risposta_pulita"": ""true"", ""prob_unita_alt"": ""T:88.95014613% F:11.04616204% O:0.00176928%"", ""p_true_raw"": 0.8895014613231581, ""p_false_raw"": 0.11046162037761666}]",T:95.25282506% F:4.74501256% A:0.00124900%,5-0,True
30,is white christmas a sequel to holiday inn,false,"[{""domanda_alt"": ""is white christmas a sequel to holiday inn"", ""risposta_pulita"": ""true"", ""prob_unita_alt"": ""T:76.73146674% F:23.26617631% O:0.00090315%"", ""p_true_raw"": 0.7673146673567569, ""p_false_raw"": 0.2326617631242023}, {""domanda_alt"": ""Does \""White Christmas\"" have a narrative connection to"", ""risposta_pulita"": ""true"", ""prob_unita_alt"": ""T:69.89927676% F:30.09679114% O:0.00097021%"", ""p_true_raw"": 0.6989927676483991, ""p_false_raw"": 0.3009679113923102}, {""domanda_alt"": ""Is there a storytelling link between Bing Crosby's song"", ""risposta_pulita"": ""true"", ""prob_unita_alt"": ""T:85.30043172% F:14.69679893% O:0.00107086%"", ""p_true_raw"": 0.8530043172466256, ""p_false_raw"": 0.14696798926700919}, {""domanda_alt"": ""Does Bing Crosby's song have an underlying narrative connection"", ""risposta_pulita"": ""true"", ""prob_unita_alt"": ""T:90.68210472% F:9.31409863% O:0.00202376%"", ""p_true_raw"": 0.9068210472257837, ""p_false_raw"": 0.09314098632503776}, {""domanda_alt"": ""Is there a subtle storyline embedded in Bing Crosby's"", ""risposta_pulita"": ""false"", ""prob_unita_alt"": ""T:0.00156648% F:99.99783442% O:0.00023453%"", ""p_true_raw"": 1.5664842585180292e-05, ""p_false_raw"": 0.9999783442165484}]",T:64.52296929% F:35.47433989% A:0.00104050%,4-1,False
31,is st maarten and st martin the same,true,"[{""domanda_alt"": ""is st maarten and st martin the same"", ""risposta_pulita"": ""false"", ""prob_unita_alt"": ""T:16.14707341% F:83.84560639% O:0.00102092%"", ""p_true_raw"": 0.16147073409073834, ""p_false_raw"": 0.8384560638834346}, {""domanda_alt"": ""Do St. Maarten and St. Martin refer"", ""risposta_pulita"": ""true"", ""prob_unita_alt"": ""T:99.89008064% F:0.10771475% O:0.00125245%"", ""p_true_raw"": 0.9989008064395403, ""p_false_raw"": 0.00107714751524305}, {""domanda_alt"": ""Do \""Saint Maarten\"" and \""Saint Martin"", ""risposta_pulita"": ""true"", ""prob_unita_alt"": ""T:96.98397895% F:3.00923066% O:0.00270060%"", ""p_true_raw"": 0.9698397895157028, ""p_false_raw"": 0.030092306628659776}, {""domanda_alt"": ""Are \""Saint Maarten\"" and \""Saint Martin"", ""risposta_pulita"": ""true"", ""prob_unita_alt"": ""T:98.09281151% F:1.90162966% O:0.00233413%"", ""p_true_raw"": 0.980928115076427, ""p_false_raw"": 0.019016296609972713}, {""domanda_alt"": ""Do the names \""Saint Maarten\"" and \"""", ""risposta_pulita"": ""true"", ""prob_unita_alt"": ""T:99.19483149% F:0.78734744% O:0.01487524%"", ""p_true_raw"": 0.991948314901112, ""p_false_raw"": 0.00787347441884047}]",T:82.06175520% F:17.93030578% A:0.00443667%,4-1,True
32,does jk rowling have any other books besides harry potter,true,"[{""domanda_alt"": ""does jk rowling have any other books besides harry potter"", ""risposta_pulita"": ""true"", ""prob_unita_alt"": ""T:92.49686346% F:7.50158034% O:0.00063288%"", ""p_true_raw"": 0.9249686346096313, ""p_false_raw"": 0.07501580342972028}, {""domanda_alt"": ""Does J.K. Rowling author any literary works outside"", ""risposta_pulita"": ""true"", ""prob_unita_alt"": ""T:99.37018933% F:0.62854645% O:0.00061780%"", ""p_true_raw"": 0.9937018932814443, ""p_false_raw"": 0.006285464468120234}, {""domanda_alt"": ""Does J.K. Rowling write literature beyond her Harry"", ""risposta_pulita"": ""true"", ""prob_unita_alt"": ""T:99.84526491% F:0.15408521% O:0.00033860%"", ""p_true_raw"": 0.9984526491253154, ""p_false_raw"": 0.0015408521014614275}, {""domanda_alt"": ""Does J.K. Rowling author works outside of her"", ""risposta_pulita"": ""true"", ""prob_unita_alt"": ""T:97.30544813% F:2.69304539% O:0.00048850%"", ""p_true_raw"": 0.9730544812692683, ""p_false_raw"": 0.026930453905772953}, {""domanda_alt"": ""Does J.K. Rowling's literary output extend beyond"", ""risposta_pulita"": ""true"", ""prob_unita_alt"": ""T:97.97905689% F:2.01925916% O:0.00065949%"", ""p_true_raw"": 0.9797905689061045, ""p_false_raw"": 0.020192591646094847}]",T:97.39936454% F:2.59930331% A:0.00054745%,5-0,True
33,has scotland ever qualified for the world cup,true,"[{""domanda_alt"": ""has scotland ever qualified for the world cup"", ""risposta_pulita"": ""true"", ""prob_unita_alt"": ""T:99.79422285% F:0.20392584% O:0.00139937%"", ""p_true_raw"": 0.997942228530101, ""p_false_raw"": 0.002039258358015042}, {""domanda_alt"": ""Did Scotland manage to qualify for the FIFA World Cup"", ""risposta_pulita"": ""true"", ""prob_unita_alt"": ""T:97.08291170% F:2.91388727% O:0.00205794%"", ""p_true_raw"": 0.970829117001859, ""p_false_raw"": 0.02913887268599592}, {""domanda_alt"": ""Was Scotland able to secure a spot in the FIFA"", ""risposta_pulita"": ""false"", ""prob_unita_alt"": ""T:28.20417709% F:71.78908869% O:0.00104346%"", ""p_true_raw"": 0.2820417709325805, ""p_false_raw"": 0.7178908868539475}, {""domanda_alt"": ""Did Scotland successfully qualify for the FIFA"", ""risposta_pulita"": ""false"", ""prob_unita_alt"": ""T:40.12874387% F:59.86270760% O:0.00149486%"", ""p_true_raw"": 0.40128743873402406, ""p_false_raw"": 0.5986270759688586}, {""domanda_alt"": ""Was Scotland able to secure a spot in the FIFA"", ""risposta_pulita"": ""false"", ""prob_unita_alt"": ""T:28.20417709% F:71.78908869% O:0.00104346%"", ""p_true_raw"": 0.2820417709325805, ""p_false_raw"": 0.7178908868539475}]",T:58.68284652% F:41.31173961% A:0.00140782%,3-2,True
34,is new york and new jersey the same state,false,"[{""domanda_alt"": ""is new york and new jersey the same state"", ""risposta_pulita"": ""false"", ""prob_unita_alt"": ""T:0.00015670% F:99.99921529% O:0.00023411%"", ""p_true_raw"": 1.567003430185209e-06, ""p_false_raw"": 0.9999921528626994}, {""domanda_alt"": ""Are New York and New Jersey two separate entities with"", ""risposta_pulita"": ""true"", ""prob_unita_alt"": ""T:95.09404924% F:4.90340738% O:0.00091564%"", ""p_true_raw"": 0.9509404923542186, ""p_false_raw"": 0.04903407380860557}, {""domanda_alt"": ""Do New York and New Jersey constitute distinct entities with"", ""risposta_pulita"": ""true"", ""prob_unita_alt"": ""T:98.04371557% F:1.95365823% O:0.00124012%"", ""p_true_raw"": 0.9804371556650613, ""p_false_raw"": 0.01953658233687497}, {""domanda_alt"": ""Do the states of New York and New Jersey possess"", ""risposta_pulita"": ""true"", ""prob_unita_alt"": ""T:79.55802938% F:20.43221678% O:0.00244996%"", ""p_true_raw"": 0.7955802938341178, ""p_false_raw"": 0.20432216782119927}, {""domanda_alt"": ""Do the geographic entities of New York and New Jersey"", ""risposta_pulita"": ""false"", ""prob_unita_alt"": ""T:27.03805403% F:72.94253328% O:0.00306238%"", ""p_true_raw"": 0.27038054034751197, ""p_false_raw"": 0.7294253327632999}]",T:59.94680098% F:40.04620619% A:0.00158044%,3-2,False
35,does aslan come back to life in narnia,true,"[{""domanda_alt"": ""does aslan come back to life in narnia"", ""risposta_pulita"": ""true"", ""prob_unita_alt"": ""T:99.99387507% F:0.00573903% O:0.00030386%"", ""p_true_raw"": 0.999938750715754, ""p_false_raw"": 5.739028337030346e-05}, {""domanda_alt"": ""Does Aslan undergo resurrection in Narnia?"", ""risposta_pulita"": ""true"", ""prob_unita_alt"": ""T:99.96120273% F:0.03804686% O:0.00061092%"", ""p_true_raw"": 0.9996120273301887, ""p_false_raw"": 0.00038046859484212214}, {""domanda_alt"": ""Is Aslan's death in Narnia followed"", ""risposta_pulita"": ""true"", ""prob_unita_alt"": ""T:86.52272177% F:13.47378003% O:0.00128448%"", ""p_true_raw"": 0.8652272176923831, ""p_false_raw"": 0.1347378002671711}, {""domanda_alt"": ""Does Aslan's demise in The Chronicles of N"", ""risposta_pulita"": ""true"", ""prob_unita_alt"": ""T:88.83230978% F:11.16426561% O:0.00142926%"", ""p_true_raw"": 0.8883230977671989, ""p_false_raw"": 0.11164265613641335}, {""domanda_alt"": ""Is Aslan's death in The Chronicles of N"", ""risposta_pulita"": ""true"", ""prob_unita_alt"": ""T:98.05908453% F:1.93864292% O:0.00125938%"", ""p_true_raw"": 0.9805908452990639, ""p_false_raw"": 0.0193864291576084}]",T:94.67383878% F:5.32409489% A:0.00097758%,5-0,True
36,can a federal law override a state law,true,"[{""domanda_alt"": ""can a federal law override a state law"", ""risposta_pulita"": ""true"", ""prob_unita_alt"": ""T:99.98606425% F:0.01340517% O:0.00034032%"", ""p_true_raw"": 0.9998606425443078, ""p_false_raw"": 0.00013405170739277684}, {""domanda_alt"": ""Can a federal statute supplant a state ordinance?"", ""risposta_pulita"": ""true"", ""prob_unita_alt"": ""T:98.86407628% F:1.13431580% O:0.00104175%"", ""p_true_raw"": 0.9886407627662305, ""p_false_raw"": 0.011343157977472448}, {""domanda_alt"": ""Can a federal law override a local government regulation?"", ""risposta_pulita"": ""true"", ""prob_unita_alt"": ""T:99.96308357% F:0.03629851% O:0.00041881%"", ""p_true_raw"": 0.9996308356783666, ""p_false_raw"": 0.0003629851117430473}, {""domanda_alt"": ""Does a federal statute have the authority to supersede"", ""risposta_pulita"": ""true"", ""prob_unita_alt"": ""T:98.71233457% F:1.28347915% O:0.00207267%"", ""p_true_raw"": 0.9871233456703916, ""p_false_raw"": 0.012834791530669281}, {""domanda_alt"": ""Can a federal law override its jurisdictional scope?"", ""risposta_pulita"": ""false"", ""prob_unita_alt"": ""T:31.42058518% F:68.57102483% O:0.00181792%"", ""p_true_raw"": 0.3142058518060703, ""p_false_raw"": 0.685710248277223}]",T:85.78922877% F:14.20770469% A:0.00113829%,4-1,True
37,is the olympic gold medal made of gold,false,"[{""domanda_alt"": ""is the olympic gold medal made of gold"", ""risposta_pulita"": ""false"", ""prob_unita_alt"": ""T:0.11609181% F:99.88241760% O:0.00033474%"", ""p_true_raw"": 0.0011609180721964573, ""p_false_raw"": 0.9988241759516652}, {""domanda_alt"": ""Does the Olympic gold medal actually consist of gold?"", ""risposta_pulita"": ""false"", ""prob_unita_alt"": ""T:0.00727333% F:99.99211360% O:0.00019681%"", ""p_true_raw"": 7.273330331578464e-05, ""p_false_raw"": 0.9999211359588799}, {""domanda_alt"": ""Is it true that the Olympic gold medal is made"", ""risposta_pulita"": ""false"", ""prob_unita_alt"": ""T:0.07663076% F:99.91964292% O:0.00207822%"", ""p_true_raw"": 0.0007663076280202073, ""p_false_raw"": 0.9991964291928498}, {""domanda_alt"": ""Does the Olympic gold medal actually have its material composition"", ""risposta_pulita"": ""false"", ""prob_unita_alt"": ""T:1.31055495% F:98.68647925% O:0.00084522%"", ""p_true_raw"": 0.013105549483050368, ""p_false_raw"": 0.9868647925263425}, {""domanda_alt"": ""Is the material used to manufacture an Olympic gold medal"", ""risposta_pulita"": ""false"", ""prob_unita_alt"": ""T:0.71569518% F:96.85559975% O:2.40307639%"", ""p_true_raw"": 0.007156951844100891, ""p_false_raw"": 0.9685559974788711}]",T:0.44524921% F:99.06725062% A:0.48130628%,5-0,True
38,can you make prawn crackers in the microwave,true,"[{""domanda_alt"": ""can you make prawn crackers in the microwave"", ""risposta_pulita"": ""true"", ""prob_unita_alt"": ""T:99.99943903% F:0.00042069% O:0.00010325%"", ""p_true_raw"": 0.9999943903193886, ""p_false_raw"": 4.206857314656303e-06}, {""domanda_alt"": ""Can one prepare prawn crackers by microwaving"", ""risposta_pulita"": ""true"", ""prob_unita_alt"": ""T:99.99864170% F:0.00124513% O:0.00007759%"", ""p_true_raw"": 0.9999864170357521, ""p_false_raw"": 1.2451270141035987e-05}, {""domanda_alt"": ""Is it feasible to cook prawn crackers using a"", ""risposta_pulita"": ""true"", ""prob_unita_alt"": ""T:99.98726712% F:0.01255845% O:0.00010673%"", ""p_true_raw"": 0.9998726712041253, ""p_false_raw"": 0.00012558449976470776}, {""domanda_alt"": ""Can you successfully prepare prawn crackers with a ["", ""risposta_pulita"": ""true"", ""prob_unita_alt"": ""T:98.56648377% F:1.08518400% O:0.34334671%"", ""p_true_raw"": 0.9856648377395937, ""p_false_raw"": 0.010851839957049404}, {""domanda_alt"": ""Can one create effective prawn crackers using a [...]"", ""risposta_pulita"": ""true"", ""prob_unita_alt"": ""T:95.01374348% F:4.96380382% O:0.01874474%"", ""p_true_raw"": 0.9501374347616691, ""p_false_raw"": 0.04963803824870346}]",T:98.71311502% F:1.21264242% A:0.07247580%,5-0,True
39,can ingrown toenails come back after being removed,true,"[{""domanda_alt"": ""can ingrown toenails come back after being removed"", ""risposta_pulita"": ""true"", ""prob_unita_alt"": ""T:98.49590276% F:1.50226701% O:0.00108331%"", ""p_true_raw"": 0.984959027609987, ""p_false_raw"": 0.015022670063658993}, {""domanda_alt"": ""Will an ingrown toenail recur following surgical exc"", ""risposta_pulita"": ""true"", ""prob_unita_alt"": ""T:76.41365330% F:23.57349287% O:0.00907667%"", ""p_true_raw"": 0.7641365329832756, ""p_false_raw"": 0.23573492869830867}, {""domanda_alt"": ""Does a surgically treated ingrown toenail have"", ""risposta_pulita"": ""true"", ""prob_unita_alt"": ""T:60.58876777% F:39.40320641% O:0.00150593%"", ""p_true_raw"": 0.6058876777145082, ""p_false_raw"": 0.3940320640792931}, {""domanda_alt"": ""Does an ingrown toenail that has undergone surgical"", ""risposta_pulita"": ""false"", ""prob_unita_alt"": ""T:33.39322338% F:66.59793089% O:0.00142904%"", ""p_true_raw"": 0.3339322338011508, ""p_false_raw"": 0.6659793088962029}, {""domanda_alt"": ""Does a surgically treated ingrown toenail retain"", ""risposta_pulita"": ""false"", ""prob_unita_alt"": ""T:26.02232672% F:73.96833706% O:0.00152134%"", ""p_true_raw"": 0.26022326724408296, ""p_false_raw"": 0.7396833706020767}]",T:58.98277479% F:41.00904685% A:0.00292326%,3-2,True
40,can a nas be used as a server,true,"[{""domanda_alt"": ""can a nas be used as a server"", ""risposta_pulita"": ""true"", ""prob_unita_alt"": ""T:99.98149195% F:0.01813152% O:0.00022845%"", ""p_true_raw"": 0.9998149194754692, ""p_false_raw"": 0.00018131518883042263}, {""domanda_alt"": ""Can a Network Access Server (NAS) function as"", ""risposta_pulita"": ""true"", ""prob_unita_alt"": ""T:96.85540941% F:3.14153778% O:0.00116775%"", ""p_true_raw"": 0.9685540940586491, ""p_false_raw"": 0.03141537783713708}, {""domanda_alt"": ""Can a Network Access Server serve as"", ""risposta_pulita"": ""false"", ""prob_unita_alt"": ""T:3.57104862% F:96.42504837% O:0.00116108%"", ""p_true_raw"": 0.03571048618789135, ""p_false_raw"": 0.9642504837129148}, {""domanda_alt"": ""Is it feasible for a Network Access Server to function"", ""risposta_pulita"": ""false"", ""prob_unita_alt"": ""T:3.05547108% F:96.94088541% O:0.00096375%"", ""p_true_raw"": 0.03055471081463642, ""p_false_raw"": 0.9694088540751458}, {""domanda_alt"": ""Can a Network Access Server operate effectively?"", ""risposta_pulita"": ""false"", ""prob_unita_alt"": ""T:0.79947973% F:99.19851325% O:0.00048360%"", ""p_true_raw"": 0.007994797273880831, ""p_false_raw"": 0.9919851325361851}]",T:40.85258016% F:59.14482327% A:0.00080093%,3-2,False
41,does shadow of mordor take place before lotr,true,"[{""domanda_alt"": ""does shadow of mordor take place before lotr"", ""risposta_pulita"": ""true"", ""prob_unita_alt"": ""T:95.00754518% F:4.99072704% O:0.00082299%"", ""p_true_raw"": 0.9500754517788202, ""p_false_raw"": 0.049907270448774924}, {""domanda_alt"": ""Does Middle-earth: Shadow of Mordor occur"", ""risposta_pulita"": ""true"", ""prob_unita_alt"": ""T:99.89735648% F:0.10183712% O:0.00059736%"", ""p_true_raw"": 0.9989735648162905, ""p_false_raw"": 0.001018371221961703}, {""domanda_alt"": ""Does Middle-earth: Shadow of Mordor take"", ""risposta_pulita"": ""true"", ""prob_unita_alt"": ""T:99.75419276% F:0.24491562% O:0.00065546%"", ""p_true_raw"": 0.9975419276411678, ""p_false_raw"": 0.002449156168249127}, {""domanda_alt"": ""Does Middle-earth: Shadow of Mordor effectively"", ""risposta_pulita"": ""true"", ""prob_unita_alt"": ""T:99.94105736% F:0.05829415% O:0.00049168%"", ""p_true_raw"": 0.9994105735607183, ""p_false_raw"": 0.0005829415051655253}, {""domanda_alt"": ""Can Middle-earth: Shadow of Mordor successfully"", ""risposta_pulita"": ""true"", ""prob_unita_alt"": ""T:99.87562422% F:0.12345877% O:0.00066728%"", ""p_true_raw"": 0.9987562421665517, ""p_false_raw"": 0.001234587687355187}]",T:98.89515520% F:1.10384654% A:0.00064695%,5-0,True
42,was the battle of new orleans fought after the war of 1812,false,"[{""domanda_alt"": ""was the battle of new orleans fought after the war of 1812"", ""risposta_pulita"": ""false"", ""prob_unita_alt"": ""T:2.04011676% F:97.95805795% O:0.00067280%"", ""p_true_raw"": 0.020401167623438847, ""p_false_raw"": 0.9795805795157375}, {""domanda_alt"": ""Did the Battle of New Orleans occur subsequent to the"", ""risposta_pulita"": ""true"", ""prob_unita_alt"": ""T:80.60594398% F:19.38789859% O:0.00261244%"", ""p_true_raw"": 0.8060594398233494, ""p_false_raw"": 0.19387898591854544}, {""domanda_alt"": ""Was the Battle of New Orleans a combat event that"", ""risposta_pulita"": ""true"", ""prob_unita_alt"": ""T:99.99309620% F:0.00657019% O:0.00024073%"", ""p_true_raw"": 0.9999309620481558, ""p_false_raw"": 6.57018535277996e-05}, {""domanda_alt"": ""Did the Battle of New Orleans constitute a military engagement"", ""risposta_pulita"": ""true"", ""prob_unita_alt"": ""T:99.99706610% F:0.00257523% O:0.00028164%"", ""p_true_raw"": 0.9999706610497734, ""p_false_raw"": 2.5752337930417712e-05}, {""domanda_alt"": ""Was the Battle of New Orleans a genuine military conflict"", ""risposta_pulita"": ""true"", ""prob_unita_alt"": ""T:99.92647127% F:0.07261490% O:0.00076770%"", ""p_true_raw"": 0.9992647127119385, ""p_false_raw"": 0.0007261489830131366}]",T:76.51253887% F:23.48554337% A:0.00091506%,4-1,False
43,do all xbox 360 games work on xbox 1,false,"[{""domanda_alt"": ""do all xbox 360 games work on xbox 1"", ""risposta_pulita"": ""false"", ""prob_unita_alt"": ""T:0.01159803% F:99.98784631% O:0.00013170%"", ""p_true_raw"": 0.00011598033834693613, ""p_false_raw"": 0.9998784631023678}, {""domanda_alt"": ""Do Xbox 360 titles remain compatible with Xbox One"", ""risposta_pulita"": ""true"", ""prob_unita_alt"": ""T:99.85734890% F:0.14155479% O:0.00078235%"", ""p_true_raw"": 0.998573488960496, ""p_false_raw"": 0.0014155479068305274}, {""domanda_alt"": ""Will Xbox 360 games still run on an Xbox"", ""risposta_pulita"": ""true"", ""prob_unita_alt"": ""T:99.21945686% F:0.77929944% O:0.00073440%"", ""p_true_raw"": 0.9921945685760168, ""p_false_raw"": 0.007792994411639336}, {""domanda_alt"": ""Can Xbox 360 games be played without modification on"", ""risposta_pulita"": ""true"", ""prob_unita_alt"": ""T:81.74190658% F:18.24951914% O:0.00315761%"", ""p_true_raw"": 0.8174190657881122, ""p_false_raw"": 0.1824951913599591}, {""domanda_alt"": ""Can original Xbox 360 games run unaltered"", ""risposta_pulita"": ""false"", ""prob_unita_alt"": ""T:0.30146493% F:99.69656009% O:0.00076429%"", ""p_true_raw"": 0.00301464934146174, ""p_false_raw"": 0.9969656009044251}]",T:56.22635506% F:43.77095595% A:0.00111407%,3-2,False
44,does april get married in grey's anatomy,true,"[{""domanda_alt"": ""does april get married in grey's anatomy"", ""risposta_pulita"": ""false"", ""prob_unita_alt"": ""T:0.00524884% F:99.99365835% O:0.00050059%"", ""p_true_raw"": 5.2488366705137484e-05, ""p_false_raw"": 0.9999365835381964}, {""domanda_alt"": ""Does April Kepner tie the knot with someone"", ""risposta_pulita"": ""true"", ""prob_unita_alt"": ""T:99.98973647% F:0.00975290% O:0.00037811%"", ""p_true_raw"": 0.9998973647478392, ""p_false_raw"": 9.752901357998041e-05}, {""domanda_alt"": ""Will April Kepner get married?"", ""risposta_pulita"": ""true"", ""prob_unita_alt"": ""T:99.94705599% F:0.05190146% O:0.00084025%"", ""p_true_raw"": 0.9994705599483005, ""p_false_raw"": 0.0005190146346146384}, {""domanda_alt"": ""Will April Kepner enter into a marital union"", ""risposta_pulita"": ""true"", ""prob_unita_alt"": ""T:99.99397798% F:0.00555962% O:0.00034845%"", ""p_true_raw"": 0.9999397797669833, ""p_false_raw"": 5.559615849696743e-05}, {""domanda_alt"": ""Will April Kepner engage in a legally recognized"", ""risposta_pulita"": ""true"", ""prob_unita_alt"": ""T:97.85378408% F:2.14217987% O:0.00242207%"", ""p_true_raw"": 0.9785378408186699, ""p_false_raw"": 0.02142179865110733}]",T:79.55796067% F:20.44061044% A:0.00089789%,4-1,True
45,will one tree hill return for season 10,false,"[{""domanda_alt"": ""will one tree hill return for season 10"", ""risposta_pulita"": ""false"", ""prob_unita_alt"": ""T:0.00008752% F:99.99947785% O:0.00022800%"", ""p_true_raw"": 8.751907898337268e-07, ""p_false_raw"": 0.9999947785404109}, {""domanda_alt"": ""Will Tree Hill receive a revival for its tenth installment"", ""risposta_pulita"": ""false"", ""prob_unita_alt"": ""T:0.00006205% F:99.99957192% O:0.00018903%"", ""p_true_raw"": 6.205398748077979e-07, ""p_false_raw"": 0.9999957192431267}, {""domanda_alt"": ""Will there be a renewal of the series Tree Hill"", ""risposta_pulita"": ""false"", ""prob_unita_alt"": ""T:0.34852140% F:99.65037486% O:0.00035006%"", ""p_true_raw"": 0.003485213974873985, ""p_false_raw"": 0.9965037486019666}, {""domanda_alt"": ""Is it possible that the TV show Tree Hill will"", ""risposta_pulita"": ""false"", ""prob_unita_alt"": ""T:23.62704807% F:76.36328516% O:0.00213028%"", ""p_true_raw"": 0.23627048073030568, ""p_false_raw"": 0.7636328516430095}, {""domanda_alt"": ""Can there be a likelihood of the TV series Tree"", ""risposta_pulita"": ""false"", ""prob_unita_alt"": ""T:1.00735343% F:98.98783852% O:0.00101310%"", ""p_true_raw"": 0.010073534312879143, ""p_false_raw"": 0.9898783851591424}]",T:4.99661449% F:95.00010966% A:0.00078209%,5-0,True
46,is psalm 119 the longest chapter of the bible,true,"[{""domanda_alt"": ""is psalm 119 the longest chapter of the bible"", ""risposta_pulita"": ""false"", ""prob_unita_alt"": ""T:18.71423043% F:81.27986836% O:0.00145569%"", ""p_true_raw"": 0.18714230428167974, ""p_false_raw"": 0.8127986835506729}, {""domanda_alt"": ""Does Psalm 119 hold the distinction of being the"", ""risposta_pulita"": ""true"", ""prob_unita_alt"": ""T:84.90591591% F:15.08847418% O:0.00216472%"", ""p_true_raw"": 0.8490591590899053, ""p_false_raw"": 0.1508847418321387}, {""domanda_alt"": ""Is Psalm 119 singular in its characteristic among all"", ""risposta_pulita"": ""true"", ""prob_unita_alt"": ""T:70.33884530% F:29.65473612% O:0.00167988%"", ""p_true_raw"": 0.7033884530234339, ""p_false_raw"": 0.29654736117786185}, {""domanda_alt"": ""Does Psalm 119 possess a unique feature compared to"", ""risposta_pulita"": ""false"", ""prob_unita_alt"": ""T:30.70475441% F:69.28802421% O:0.00150866%"", ""p_true_raw"": 0.30704754405876494, ""p_false_raw"": 0.6928802420961316}, {""domanda_alt"": ""What sets Psalm 119 apart from other psal"", ""risposta_pulita"": ""false"", ""prob_unita_alt"": ""T:3.54065673% F:96.45531493% O:0.00155269%"", ""p_true_raw"": 0.03540656728922663, ""p_false_raw"": 0.9645531492921813}]",T:41.64088055% F:58.35328356% A:0.00167233%,3-2,False
47,is everybody's all american a true story,false,"[{""domanda_alt"": ""is everybody's all american a true story"", ""risposta_pulita"": ""false"", ""prob_unita_alt"": ""T:0.01725542% F:99.98126121% O:0.00095443%"", ""p_true_raw"": 0.000172554151193078, ""p_false_raw"": 0.9998126120683981}, {""domanda_alt"": ""Is \""Everybody's All-American\"" a factual account"", ""risposta_pulita"": ""false"", ""prob_unita_alt"": ""T:6.46621266% F:93.53052735% O:0.00169421%"", ""p_true_raw"": 0.06466212662281838, ""p_false_raw"": 0.9353052734646646}, {""domanda_alt"": ""Is the movie \""Everybody's All-American\"" based"", ""risposta_pulita"": ""true"", ""prob_unita_alt"": ""T:99.32978081% F:0.66885862% O:0.00091873%"", ""p_true_raw"": 0.9932978080678043, ""p_false_raw"": 0.006688586184006689}, {""domanda_alt"": ""Does the film \""Everybody's All-American\"" draw"", ""risposta_pulita"": ""true"", ""prob_unita_alt"": ""T:94.87834082% F:5.11959970% O:0.00113230%"", ""p_true_raw"": 0.9487834081909712, ""p_false_raw"": 0.05119599702265931}, {""domanda_alt"": ""Does the movie \""Everybody's All-American\"" effectively"", ""risposta_pulita"": ""true"", ""prob_unita_alt"": ""T:97.23500211% F:2.76244628% O:0.00143797%"", ""p_true_raw"": 0.9723500210999945, ""p_false_raw"": 0.02762446277580777}]",T:59.58531836% F:40.41253863% A:0.00122753%,3-2,False
48,can you have citizenship in more than one country,true,"[{""domanda_alt"": ""can you have citizenship in more than one country"", ""risposta_pulita"": ""true"", ""prob_unita_alt"": ""T:99.99952277% F:0.00034202% O:0.00009090%"", ""p_true_raw"": 0.9999952276648153, ""p_false_raw"": 3.420173612173539e-06}, {""domanda_alt"": ""Is it possible for an individual to simultaneously possess dual"", ""risposta_pulita"": ""true"", ""prob_unita_alt"": ""T:99.99678151% F:0.00299679% O:0.00013462%"", ""p_true_raw"": 0.999967815148241, ""p_false_raw"": 2.996790725828125e-05}, {""domanda_alt"": ""Can one person harbor two contrasting identities at the same"", ""risposta_pulita"": ""true"", ""prob_unita_alt"": ""T:98.11827982% F:1.87986178% O:0.00094137%"", ""p_true_raw"": 0.9811827982279173, ""p_false_raw"": 0.018798617768585817}, {""domanda_alt"": ""Is it possible for an individual to simultaneously embody distinct"", ""risposta_pulita"": ""true"", ""prob_unita_alt"": ""T:99.98815358% F:0.01157422% O:0.00015609%"", ""p_true_raw"": 0.9998815357774844, ""p_false_raw"": 0.00011574220161412473}, {""domanda_alt"": ""Can a single person simultaneously hold multiple personas, identities"", ""risposta_pulita"": ""false"", ""prob_unita_alt"": ""T:0.07039859% F:99.92731337% O:0.00050675%"", ""p_true_raw"": 0.0007039859407269552, ""p_false_raw"": 0.9992731337470248}]",T:79.63462726% F:20.36441764% A:0.00036595%,4-1,True
49,is there going to be a season 3 for daredevil,true,"[{""domanda_alt"": ""is there going to be a season 3 for daredevil"", ""risposta_pulita"": ""true"", ""prob_unita_alt"": ""T:99.99944983% F:0.00035765% O:0.00013373%"", ""p_true_raw"": 0.9999944983040403, ""p_false_raw"": 3.5764952951279066e-06}, {""domanda_alt"": ""Will Daredevil's television series continue beyond its second"", ""risposta_pulita"": ""true"", ""prob_unita_alt"": ""T:99.90766795% F:0.09168736% O:0.00042963%"", ""p_true_raw"": 0.9990766794730485, ""p_false_raw"": 0.0009168736369392368}, {""domanda_alt"": ""Will there be a third season of the TV show"", ""risposta_pulita"": ""true"", ""prob_unita_alt"": ""T:99.99978798% F:0.00009878% O:0.00007537%"", ""p_true_raw"": 0.9999978798360692, ""p_false_raw"": 9.878255311105512e-07}, {""domanda_alt"": ""Is it confirmed that the television series will have a"", ""risposta_pulita"": ""true"", ""prob_unita_alt"": ""T:99.35411413% F:0.64419942% O:0.00083586%"", ""p_true_raw"": 0.9935411413283031, ""p_false_raw"": 0.006441994208491735}, {""domanda_alt"": ""Will there be official confirmation of the television series'"", ""risposta_pulita"": ""true"", ""prob_unita_alt"": ""T:99.98852770% F:0.01100670% O:0.00033173%"", ""p_true_raw"": 0.9998852769672547, ""p_false_raw"": 0.00011006702499628492}]",T:99.84990952% F:0.14946998% A:0.00036126%,5-0,True
50,are sweet peppers and bell peppers the same,true,"[{""domanda_alt"": ""are sweet peppers and bell peppers the same"", ""risposta_pulita"": ""false"", ""prob_unita_alt"": ""T:47.14421210% F:52.85290437% O:0.00060720%"", ""p_true_raw"": 0.47144212095911325, ""p_false_raw"": 0.5285290436539724}, {""domanda_alt"": ""Do sweet peppers and bell peppers constitute a single entity"", ""risposta_pulita"": ""true"", ""prob_unita_alt"": ""T:98.76532838% F:1.23351381% O:0.00074509%"", ""p_true_raw"": 0.9876532837656585, ""p_false_raw"": 0.012335138124554347}, {""domanda_alt"": ""Are sweet peppers and bell peppers synonymous or distinct categories"", ""risposta_pulita"": ""false"", ""prob_unita_alt"": ""T:35.22223372% F:64.73457132% O:0.03421404%"", ""p_true_raw"": 0.35222233719137325, ""p_false_raw"": 0.6473457132463127}, {""domanda_alt"": ""Do sweet peppers and bell peppers represent identical or separate"", ""risposta_pulita"": ""false"", ""prob_unita_alt"": ""T:47.15771610% F:52.77337909% O:0.06128345%"", ""p_true_raw"": 0.47157716103112224, ""p_false_raw"": 0.5277337908645652}, {""domanda_alt"": ""Are sweet peppers and bell peppers variants of a single"", ""risposta_pulita"": ""true"", ""prob_unita_alt"": ""T:98.78374359% F:1.21500913% O:0.00071026%"", ""p_true_raw"": 0.9878374358654665, ""p_false_raw"": 0.012150091263896276}]",T:65.41464678% F:34.56187554% A:0.01951201%,3-2,True
51,does your signiture have to be your name,false,"[{""domanda_alt"": ""does your signiture have to be your name"", ""risposta_pulita"": ""false"", ""prob_unita_alt"": ""T:1.46586002% F:98.53030000% O:0.00202357%"", ""p_true_raw"": 0.014658600189658035, ""p_false_raw"": 0.985303000032339}, {""domanda_alt"": ""Is one's signature necessarily their personal name?"", ""risposta_pulita"": ""false"", ""prob_unita_alt"": ""T:0.00350888% F:99.99620423% O:0.00006743%"", ""p_true_raw"": 3.508884595549321e-05, ""p_false_raw"": 0.9999620423262571}, {""domanda_alt"": ""Does a person's autograph inherently reflect their mon"", ""risposta_pulita"": ""false"", ""prob_unita_alt"": ""T:4.15573338% F:95.84036863% O:0.00111851%"", ""p_true_raw"": 0.041557333772446976, ""p_false_raw"": 0.9584036862698947}, {""domanda_alt"": ""Can a signature inherently convey an individual's character?"", ""risposta_pulita"": ""false"", ""prob_unita_alt"": ""T:0.14168543% F:99.85760190% O:0.00012713%"", ""p_true_raw"": 0.0014168543163160631, ""p_false_raw"": 0.998576019004133}, {""domanda_alt"": ""Does a person's handwritten signature contain inherent cues about"", ""risposta_pulita"": ""false"", ""prob_unita_alt"": ""T:8.97811268% F:91.01316918% O:0.00287674%"", ""p_true_raw"": 0.08978112679576558, ""p_false_raw"": 0.9101316918083331}]",T:2.94898008% F:97.04752879% A:0.00124267%,5-0,True
52,is an x-ray the same as an mri,false,"[{""domanda_alt"": ""is an x-ray the same as an mri"", ""risposta_pulita"": ""false"", ""prob_unita_alt"": ""T:0.00133248% F:99.99846189% O:0.00002876%"", ""p_true_raw"": 1.3324826927686268e-05, ""p_false_raw"": 0.9999846188852268}, {""domanda_alt"": ""Are X-rays identical to MRIs in terms of"", ""risposta_pulita"": ""false"", ""prob_unita_alt"": ""T:0.00079093% F:99.99896867% O:0.00005010%"", ""p_true_raw"": 7.90931840742737e-06, ""p_false_raw"": 0.9999896866983036}, {""domanda_alt"": ""Do X-rays share similarities with MRIs in their"", ""risposta_pulita"": ""false"", ""prob_unita_alt"": ""T:18.02978154% F:81.96296134% O:0.00092544%"", ""p_true_raw"": 0.18029781544475276, ""p_false_raw"": 0.8196296133722312}, {""domanda_alt"": ""What are the commonalities between X-ray imaging"", ""risposta_pulita"": ""true"", ""prob_unita_alt"": ""T:86.10807245% F:13.88225152% O:0.00236525%"", ""p_true_raw"": 0.8610807244936348, ""p_false_raw"": 0.13882251520252215}, {""domanda_alt"": ""What similarities exist among X-ray imaging techniques?"", ""risposta_pulita"": ""false"", ""prob_unita_alt"": ""T:4.15518988% F:95.76568719% O:0.07416756%"", ""p_true_raw"": 0.041551898814982405, ""p_false_raw"": 0.9576568718997067}]",T:21.65903346% F:78.32166612% A:0.01550742%,4-1,True
53,is there really a gotham city in new york,false,"[{""domanda_alt"": ""is there really a gotham city in new york"", ""risposta_pulita"": ""false"", ""prob_unita_alt"": ""T:6.06490745% F:93.92994933% O:0.00170833%"", ""p_true_raw"": 0.06064907452816253, ""p_false_raw"": 0.9392994933265176}, {""domanda_alt"": ""Does a metropolis akin to Gotham City actually exist"", ""risposta_pulita"": ""false"", ""prob_unita_alt"": ""T:9.93290471% F:90.03235620% O:0.01986176%"", ""p_true_raw"": 0.09932904714770055, ""p_false_raw"": 0.9003235619751243}, {""domanda_alt"": ""Is there a real-world city that closely resembles the"", ""risposta_pulita"": ""false"", ""prob_unita_alt"": ""T:30.05369114% F:69.53628601% O:0.34180127%"", ""p_true_raw"": 0.3005369114484511, ""p_false_raw"": 0.6953628601122706}, {""domanda_alt"": ""Does a metropolitan area exist that bears striking similarities to"", ""risposta_pulita"": ""true"", ""prob_unita_alt"": ""T:58.31414669% F:41.59531997% O:0.06507651%"", ""p_true_raw"": 0.583141466919188, ""p_false_raw"": 0.415953199718517}, {""domanda_alt"": ""Is there a metropolitan area that exhibits a remarkable resemblance"", ""risposta_pulita"": ""true"", ""prob_unita_alt"": ""T:72.18271051% F:27.80124399% O:0.00753042%"", ""p_true_raw"": 0.7218271051028999, ""p_false_raw"": 0.27801243989727464}]",T:35.30967210% F:64.57903110% A:0.08719566%,3-2,True
54,is manic depression the same as bi polar,true,"[{""domanda_alt"": ""is manic depression the same as bi polar"", ""risposta_pulita"": ""false"", ""prob_unita_alt"": ""T:15.58886590% F:84.40927944% O:0.00020428%"", ""p_true_raw"": 0.15588865901351037, ""p_false_raw"": 0.8440927943883273}, {""domanda_alt"": ""Are manic depression and bipolar disorder interchangeable terms?"", ""risposta_pulita"": ""true"", ""prob_unita_alt"": ""T:99.05886511% F:0.94071136% O:0.00022049%"", ""p_true_raw"": 0.9905886510692521, ""p_false_raw"": 0.009407113569454674}, {""domanda_alt"": ""Can the terms \""manic depression\"" and \"""", ""risposta_pulita"": ""true"", ""prob_unita_alt"": ""T:99.96072658% F:0.03913307% O:0.00005537%"", ""p_true_raw"": 0.9996072658039807, ""p_false_raw"": 0.00039133069111303996}, {""domanda_alt"": ""Are \""manic depression\"" and \""bip"", ""risposta_pulita"": ""true"", ""prob_unita_alt"": ""T:98.15682189% F:1.84245697% O:0.00021086%"", ""p_true_raw"": 0.9815682188702937, ""p_false_raw"": 0.018424569653136606}, {""domanda_alt"": ""Is there a semantic equivalence between the terms \""man"", ""risposta_pulita"": ""true"", ""prob_unita_alt"": ""T:96.45568169% F:3.53933667% O:0.00196992%"", ""p_true_raw"": 0.9645568169162732, ""p_false_raw"": 0.035393366733299673}]",T:81.84419223% F:18.15418350% A:0.00053218%,4-1,True
55,is the university of michigan a public school,true,"[{""domanda_alt"": ""is the university of michigan a public school"", ""risposta_pulita"": ""true"", ""prob_unita_alt"": ""T:99.99862027% F:0.00122418% O:0.00010491%"", ""p_true_raw"": 0.9999862026962351, ""p_false_raw"": 1.22417832788411e-05}, {""domanda_alt"": ""Is the University of Michigan classified as a publicly funded"", ""risposta_pulita"": ""true"", ""prob_unita_alt"": ""T:99.68684338% F:0.31237768% O:0.00034929%"", ""p_true_raw"": 0.9968684337558807, ""p_false_raw"": 0.0031237767693442415}, {""domanda_alt"": ""Is the University of Michigan considered a state-funded institution"", ""risposta_pulita"": ""true"", ""prob_unita_alt"": ""T:78.12559272% F:21.86433548% O:0.00189923%"", ""p_true_raw"": 0.7812559272127652, ""p_false_raw"": 0.21864335479973926}, {""domanda_alt"": ""Is the University of Michigan's funding primarily sourced from"", ""risposta_pulita"": ""false"", ""prob_unita_alt"": ""T:0.38003019% F:99.59551536% O:0.01460316%"", ""p_true_raw"": 0.003800301873208811, ""p_false_raw"": 0.9959551536104436}, {""domanda_alt"": ""What is the primary source of revenue for the University"", ""risposta_pulita"": ""false"", ""prob_unita_alt"": ""T:0.01524477% F:99.97766214% O:0.00461831%"", ""p_true_raw"": 0.0001524476684588299, ""p_false_raw"": 0.9997766214279938}]",T:55.64126626% F:44.35022297% A:0.00431498%,3-2,True
56,are billy and nora from the thundermans twins,false,"[{""domanda_alt"": ""are billy and nora from the thundermans twins"", ""risposta_pulita"": ""false"", ""prob_unita_alt"": ""T:0.79040501% F:99.20589529% O:0.00089875%"", ""p_true_raw"": 0.007904050131749513, ""p_false_raw"": 0.9920589528833795}, {""domanda_alt"": ""Are Billy and Nora Thunderman siblings who share a"", ""risposta_pulita"": ""false"", ""prob_unita_alt"": ""T:10.43411715% F:89.54885610% O:0.00174551%"", ""p_true_raw"": 0.10434117154934112, ""p_false_raw"": 0.8954885609501532}, {""domanda_alt"": ""Do Billy and Nora Thunderman have a familial relationship"", ""risposta_pulita"": ""false"", ""prob_unita_alt"": ""T:26.06334258% F:73.92660333% O:0.00192257%"", ""p_true_raw"": 0.26063342581609517, ""p_false_raw"": 0.7392660332794996}, {""domanda_alt"": ""Is there a blood or family tie between Billy and"", ""risposta_pulita"": ""true"", ""prob_unita_alt"": ""T:89.02129420% F:10.94251041% O:0.02407322%"", ""p_true_raw"": 0.8902129419566827, ""p_false_raw"": 0.10942510408119988}, {""domanda_alt"": ""Does Billy share a biological or familial connection with"", ""risposta_pulita"": ""true"", ""prob_unita_alt"": ""T:93.31356969% F:6.67659647% O:0.00310786%"", ""p_true_raw"": 0.9331356969004428, ""p_false_raw"": 0.06676596470084326}]",T:43.92454573% F:56.06009232% A:0.00634958%,3-2,True
57,can a child born in canada get citizenship,true,"[{""domanda_alt"": ""can a child born in canada get citizenship"", ""risposta_pulita"": ""true"", ""prob_unita_alt"": ""T:99.99890385% F:0.00092533% O:0.00010597%"", ""p_true_raw"": 0.9999890385157076, ""p_false_raw"": 9.253281590108808e-06}, {""domanda_alt"": ""Does a person born in Canada acquire Canadian nationality?"", ""risposta_pulita"": ""true"", ""prob_unita_alt"": ""T:99.99835184% F:0.00151318% O:0.00009091%"", ""p_true_raw"": 0.9999835184489021, ""p_false_raw"": 1.5131787095028202e-05}, {""domanda_alt"": ""Is a child born within the geographical boundaries of Canada"", ""risposta_pulita"": ""true"", ""prob_unita_alt"": ""T:99.99744133% F:0.00233230% O:0.00016649%"", ""p_true_raw"": 0.9999744133018909, ""p_false_raw"": 2.332303566216184e-05}, {""domanda_alt"": ""Is a newborn situated inside Canada's territorial limits at"", ""risposta_pulita"": ""true"", ""prob_unita_alt"": ""T:99.86241762% F:0.13574252% O:0.00123965%"", ""p_true_raw"": 0.9986241762080014, ""p_false_raw"": 0.0013574251560678043}, {""domanda_alt"": ""Does a newly born individual find itself physically located within"", ""risposta_pulita"": ""true"", ""prob_unita_alt"": ""T:95.02586500% F:4.96255599% O:0.00544067%"", ""p_true_raw"": 0.950258650048335, ""p_false_raw"": 0.049625559856642076}]",T:98.97659593% F:1.02061386% A:0.00140874%,5-0,True
58,are there confederate soldiers buried in arlington national cemetery,true,"[{""domanda_alt"": ""are there confederate soldiers buried in arlington national cemetery"", ""risposta_pulita"": ""true"", ""prob_unita_alt"": ""T:99.99321548% F:0.00656973% O:0.00014829%"", ""p_true_raw"": 0.9999321548319314, ""p_false_raw"": 6.56973071336075e-05}, {""domanda_alt"": ""Do Confederate forces' remains lie within Arlington National Cemetery"", ""risposta_pulita"": ""true"", ""prob_unita_alt"": ""T:99.99085665% F:0.00879112% O:0.00024392%"", ""p_true_raw"": 0.9999085664938762, ""p_false_raw"": 8.791115338079315e-05}, {""domanda_alt"": ""Are the remnants of Confederate troops buried within the grounds"", ""risposta_pulita"": ""true"", ""prob_unita_alt"": ""T:99.96479972% F:0.03480873% O:0.00025469%"", ""p_true_raw"": 0.9996479971687403, ""p_false_raw"": 0.00034808734546508223}, {""domanda_alt"": ""Is there evidence to suggest that the remains of Confederate"", ""risposta_pulita"": ""true"", ""prob_unita_alt"": ""T:99.95218889% F:0.04746068% O:0.00019338%"", ""p_true_raw"": 0.9995218888740857, ""p_false_raw"": 0.000474606814389937}, {""domanda_alt"": ""Does the available data provide support for the notion that"", ""risposta_pulita"": ""true"", ""prob_unita_alt"": ""T:99.36015983% F:0.63866244% O:0.00064755%"", ""p_true_raw"": 0.9936015982922398, ""p_false_raw"": 0.00638662435947333}]",T:99.85224411% F:0.14725854% A:0.00029756%,5-0,True
59,is the sort code the same for everyone,false,"[{""domanda_alt"": ""is the sort code the same for everyone"", ""risposta_pulita"": ""false"", ""prob_unita_alt"": ""T:0.05112317% F:99.94832235% O:0.00008949%"", ""p_true_raw"": 0.0005112316859475323, ""p_false_raw"": 0.9994832234805913}, {""domanda_alt"": ""Does the standardized code used to identify bank accounts universally"", ""risposta_pulita"": ""false"", ""prob_unita_alt"": ""T:0.46625809% F:99.53233211% O:0.00038140%"", ""p_true_raw"": 0.004662580903469909, ""p_false_raw"": 0.9953233210509829}, {""domanda_alt"": ""Is the standardized coding system for identifying bank accounts consistently"", ""risposta_pulita"": ""false"", ""prob_unita_alt"": ""T:1.36751801% F:98.63017606% O:0.00063840%"", ""p_true_raw"": 0.013675180085422756, ""p_false_raw"": 0.9863017605971834}, {""domanda_alt"": ""Does the universally accepted classification framework for bank account identification"", ""risposta_pulita"": ""false"", ""prob_unita_alt"": ""T:26.30479993% F:73.69178044% O:0.00090919%"", ""p_true_raw"": 0.2630479992719888, ""p_false_raw"": 0.7369178044120664}, {""domanda_alt"": ""Is there a widely recognized categorization system used to"", ""risposta_pulita"": ""false"", ""prob_unita_alt"": ""T:48.58221174% F:51.41319735% O:0.00111398%"", ""p_true_raw"": 0.4858221173877168, ""p_false_raw"": 0.5141319735048601}]",T:15.35438219% F:84.64316166% A:0.00062649%,5-0,True
60,can a school be division 1 and 2,true,"[{""domanda_alt"": ""can a school be division 1 and 2"", ""risposta_pulita"": ""false"", ""prob_unita_alt"": ""T:3.19275147% F:96.80505964% O:0.00022893%"", ""p_true_raw"": 0.03192751472148982, ""p_false_raw"": 0.9680505964355869}, {""domanda_alt"": ""Can a single institution simultaneously maintain both Division I and"", ""risposta_pulita"": ""false"", ""prob_unita_alt"": ""T:23.41962967% F:76.57434487% O:0.00091270%"", ""p_true_raw"": 0.23419629670972764, ""p_false_raw"": 0.7657434487470401}, {""domanda_alt"": ""Is it feasible for an organization to concurrently operate at"", ""risposta_pulita"": ""true"", ""prob_unita_alt"": ""T:72.24668501% F:27.74588801% O:0.00166057%"", ""p_true_raw"": 0.722466850084016, ""p_false_raw"": 0.27745888014412645}, {""domanda_alt"": ""Can a company effectively run multiple projects simultaneously?"", ""risposta_pulita"": ""false"", ""prob_unita_alt"": ""T:0.00000000% F:99.99426838% O:0.00223471%"", ""p_true_raw"": 0.0, ""p_false_raw"": 0.9999426838002742}, {""domanda_alt"": ""Is it feasible for an organization to manage multiple initiatives"", ""risposta_pulita"": ""false"", ""prob_unita_alt"": ""T:0.52385264% F:99.47082524% O:0.00111722%"", ""p_true_raw"": 0.005238526431998531, ""p_false_raw"": 0.9947082523721215}]",T:19.87658376% F:80.11807723% A:0.00123083%,4-1,False
61,is there such a place as crabapple cove maine,false,"[{""domanda_alt"": ""is there such a place as crabapple cove maine"", ""risposta_pulita"": ""false"", ""prob_unita_alt"": ""T:2.17667322% F:97.82205328% O:0.00042940%"", ""p_true_raw"": 0.02176673215189068, ""p_false_raw"": 0.9782205328348387}, {""domanda_alt"": ""Does Crabapple Cove exist in Maine?"", ""risposta_pulita"": ""false"", ""prob_unita_alt"": ""T:1.08445425% F:98.91438520% O:0.00053029%"", ""p_true_raw"": 0.010844542523240418, ""p_false_raw"": 0.9891438520099675}, {""domanda_alt"": ""Is Crabapple Cove a recognized geographical location within the"", ""risposta_pulita"": ""true"", ""prob_unita_alt"": ""T:51.37785720% F:48.59898730% O:0.01569788%"", ""p_true_raw"": 0.5137785720235275, ""p_false_raw"": 0.4859898729602464}, {""domanda_alt"": ""Does Crabapple Cove possess official geographic status within its"", ""risposta_pulita"": ""false"", ""prob_unita_alt"": ""T:12.22736138% F:87.76579795% O:0.00193827%"", ""p_true_raw"": 0.12227361384881051, ""p_false_raw"": 0.8776579794697719}, {""domanda_alt"": ""Does Crabapple Cove hold a formally recognized geographical designation"", ""risposta_pulita"": ""false"", ""prob_unita_alt"": ""T:43.30513141% F:56.68923579% O:0.00166446%"", ""p_true_raw"": 0.4330513141225989, ""p_false_raw"": 0.5668923578760292}]",T:22.03429549% F:77.95809190% A:0.00405206%,4-1,True
62,did rita die in season 4 of dexter,true,"[{""domanda_alt"": ""did rita die in season 4 of dexter"", ""risposta_pulita"": ""false"", ""prob_unita_alt"": ""T:0.02670870% F:99.97212767% O:0.00065766%"", ""p_true_raw"": 0.00026708699437356226, ""p_false_raw"": 0.9997212767407826}, {""domanda_alt"": ""Was Rita Morgan still alive by the end of Season"", ""risposta_pulita"": ""false"", ""prob_unita_alt"": ""T:0.00000000% F:99.99860085% O:0.00105931%"", ""p_true_raw"": 0.0, ""p_false_raw"": 0.9999860085444988}, {""domanda_alt"": ""Was Rita Morgan's life extended beyond the conclusion of"", ""risposta_pulita"": ""false"", ""prob_unita_alt"": ""T:2.18036896% F:97.81499925% O:0.00222072%"", ""p_true_raw"": 0.021803689635630747, ""p_false_raw"": 0.9781499925254821}, {""domanda_alt"": ""Was Rita Morgan's lifespan prolonged after the ending of"", ""risposta_pulita"": ""false"", ""prob_unita_alt"": ""T:2.01997715% F:97.97589627% O:0.00175756%"", ""p_true_raw"": 0.0201997714527012, ""p_false_raw"": 0.9797589627165753}, {""domanda_alt"": ""Did Rita Morgan's life expectancy increase following the termination"", ""risposta_pulita"": ""false"", ""prob_unita_alt"": ""T:0.00188762% F:99.99618183% O:0.00100445%"", ""p_true_raw"": 1.8876198262741328e-05, ""p_false_raw"": 0.9999618182608934}]",T:0.84578849% F:99.15156118% A:0.00133994%,5-0,False
63,is there a toll on the battery tunnel,true,"[{""domanda_alt"": ""is there a toll on the battery tunnel"", ""risposta_pulita"": ""false"", ""prob_unita_alt"": ""T:0.73295008% F:99.26448224% O:0.00048943%"", ""p_true_raw"": 0.0073295007718056455, ""p_false_raw"": 0.9926448223762216}, {""domanda_alt"": ""Does one need to pay a fee when traversing"", ""risposta_pulita"": ""true"", ""prob_unita_alt"": ""T:98.01852059% F:1.97883954% O:0.00155165%"", ""p_true_raw"": 0.9801852059381606, ""p_false_raw"": 0.019788395393869805}, {""domanda_alt"": ""Is a toll required for passage?"", ""risposta_pulita"": ""true"", ""prob_unita_alt"": ""T:89.38131200% F:10.61201690% O:0.00405364%"", ""p_true_raw"": 0.8938131200120134, ""p_false_raw"": 0.10612016902877937}, {""domanda_alt"": ""Must a fee be paid to cross?"", ""risposta_pulita"": ""true"", ""prob_unita_alt"": ""T:98.99713202% F:1.00000894% O:0.00224148%"", ""p_true_raw"": 0.9899713201659572, ""p_false_raw"": 0.010000089355532671}, {""domanda_alt"": ""Is there a requirement for a toll to be paid"", ""risposta_pulita"": ""true"", ""prob_unita_alt"": ""T:98.98878095% F:1.00942069% O:0.00115990%"", ""p_true_raw"": 0.9898878095325394, ""p_false_raw"": 0.01009420693324193}]",T:77.22373913% F:22.77295366% A:0.00189922%,4-1,True
64,did the cincinnati bengals ever win a superbowl,false,"[{""domanda_alt"": ""did the cincinnati bengals ever win a superbowl"", ""risposta_pulita"": ""false"", ""prob_unita_alt"": ""T:0.00083012% F:99.99895570% O:0.00006516%"", ""p_true_raw"": 8.301172020634318e-06, ""p_false_raw"": 0.9999895570351784}, {""domanda_alt"": ""Has the Cincinnati Bengals franchise ever claimed a Super Bowl"", ""risposta_pulita"": ""false"", ""prob_unita_alt"": ""T:0.05668058% F:99.94289770% O:0.00010590%"", ""p_true_raw"": 0.0005668058302193372, ""p_false_raw"": 0.9994289769711813}, {""domanda_alt"": ""Has the Cincinnati Bengals organization ever won a National Football"", ""risposta_pulita"": ""false"", ""prob_unita_alt"": ""T:0.63511259% F:99.36394817% O:0.00020297%"", ""p_true_raw"": 0.006351125874740745, ""p_false_raw"": 0.9936394816986933}, {""domanda_alt"": ""Has the Cincinnati Bengals franchise earned a championship in the"", ""risposta_pulita"": ""false"", ""prob_unita_alt"": ""T:0.00715942% F:99.99239007% O:0.00010947%"", ""p_true_raw"": 7.159419026837571e-05, ""p_false_raw"": 0.99992390073424}, {""domanda_alt"": ""Has the Cincinnati Bengals team secured a title within its"", ""risposta_pulita"": ""false"", ""prob_unita_alt"": ""T:0.01462482% F:99.98481192% O:0.00014052%"", ""p_true_raw"": 0.00014624815187531023, ""p_false_raw"": 0.999848119166755}]",T:0.14288150% F:99.85660071% A:0.00012480%,5-0,True
65,can triamcinolone cream be used for poison ivy,true,"[{""domanda_alt"": ""can triamcinolone cream be used for poison ivy"", ""risposta_pulita"": ""true"", ""prob_unita_alt"": ""T:99.66436514% F:0.33328256% O:0.00175208%"", ""p_true_raw"": 0.9966436513663856, ""p_false_raw"": 0.003332825575205402}, {""domanda_alt"": ""Is it effective to utilize triamcinolone"", ""risposta_pulita"": ""true"", ""prob_unita_alt"": ""T:99.94689384% F:0.05202404% O:0.00078163%"", ""p_true_raw"": 0.999468938439778, ""p_false_raw"": 0.0005202404406191106}, {""domanda_alt"": ""Is utilizing triamcinolone a practical approach"", ""risposta_pulita"": ""true"", ""prob_unita_alt"": ""T:97.16941298% F:2.82647602% O:0.00252194%"", ""p_true_raw"": 0.9716941297863387, ""p_false_raw"": 0.028264760170051723}, {""domanda_alt"": ""Is triamcinolone utilization a viable strategy"", ""risposta_pulita"": ""true"", ""prob_unita_alt"": ""T:99.43877474% F:0.55892109% O:0.00166327%"", ""p_true_raw"": 0.9943877474209455, ""p_false_raw"": 0.005589210858255035}, {""domanda_alt"": ""Can one effectively employ triamcinolone as"", ""risposta_pulita"": ""true"", ""prob_unita_alt"": ""T:92.05809451% F:7.93625455% O:0.00289036%"", ""p_true_raw"": 0.9205809451176153, ""p_false_raw"": 0.0793625455249233}]",T:97.65550824% F:2.34139165% A:0.00192186%,5-0,True
66,is a peck the same as a bushel,false,"[{""domanda_alt"": ""is a peck the same as a bushel"", ""risposta_pulita"": ""false"", ""prob_unita_alt"": ""T:0.00122899% F:99.99851537% O:0.00003269%"", ""p_true_raw"": 1.2289883851486681e-05, ""p_false_raw"": 0.9999851537155395}, {""domanda_alt"": ""Does a single bird's pecking action measure"", ""risposta_pulita"": ""false"", ""prob_unita_alt"": ""T:0.17726540% F:99.81897159% O:0.00111501%"", ""p_true_raw"": 0.0017726540103976155, ""p_false_raw"": 0.9981897158703141}, {""domanda_alt"": ""Can the impact of a solitary bird's peck"", ""risposta_pulita"": ""false"", ""prob_unita_alt"": ""T:7.02560931% F:92.96600033% O:0.00177208%"", ""p_true_raw"": 0.07025609308698248, ""p_false_raw"": 0.9296600033172451}, {""domanda_alt"": ""Does a single bird's peck have a discern"", ""risposta_pulita"": ""false"", ""prob_unita_alt"": ""T:0.00702104% F:99.99110259% O:0.00054431%"", ""p_true_raw"": 7.02104195111982e-05, ""p_false_raw"": 0.9999110258567734}, {""domanda_alt"": ""Does a bird's individual peck possess a distinct"", ""risposta_pulita"": ""false"", ""prob_unita_alt"": ""T:0.00275793% F:99.99605383% O:0.00048983%"", ""p_true_raw"": 2.757925238075617e-05, ""p_false_raw"": 0.9999605382704867}]",T:1.44277653% F:98.55412874% A:0.00079078%,5-0,True
67,do red cards carry over in world cup,true,"[{""domanda_alt"": ""do red cards carry over in world cup"", ""risposta_pulita"": ""true"", ""prob_unita_alt"": ""T:98.92356659% F:1.07455442% O:0.00138227%"", ""p_true_raw"": 0.9892356659249976, ""p_false_raw"": 0.010745544202609963}, {""domanda_alt"": ""Do World Cup players' disciplinary records from previous matches"", ""risposta_pulita"": ""true"", ""prob_unita_alt"": ""T:62.72913441% F:37.26329581% O:0.00243842%"", ""p_true_raw"": 0.6272913441365577, ""p_false_raw"": 0.372632958120399}, {""domanda_alt"": ""What are the trends in disciplinary actions against World Cup"", ""risposta_pulita"": ""false"", ""prob_unita_alt"": ""T:1.10157985% F:98.89495534% O:0.00145702%"", ""p_true_raw"": 0.011015798457353718, ""p_false_raw"": 0.9889495533593412}, {""domanda_alt"": ""What are the patterns of discipline observed during the FIFA"", ""risposta_pulita"": ""true"", ""prob_unita_alt"": ""T:59.74254121% F:40.25068409% O:0.00241879%"", ""p_true_raw"": 0.5974254121132866, ""p_false_raw"": 0.4025068409152092}, {""domanda_alt"": ""What disciplinary practices are evident in the context of the"", ""risposta_pulita"": ""true"", ""prob_unita_alt"": ""T:69.00498274% F:30.98760300% O:0.00280020%"", ""p_true_raw"": 0.6900498274097171, ""p_false_raw"": 0.3098760299738427}]",T:58.30036096% F:41.69421853% A:0.00209934%,4-1,True
68,is harry potter and the escape from gringotts a roller coaster ride,true,"[{""domanda_alt"": ""is harry potter and the escape from gringotts a roller coaster ride"", ""risposta_pulita"": ""true"", ""prob_unita_alt"": ""T:99.99909457% F:0.00061995% O:0.00022273%"", ""p_true_raw"": 0.9999909456591528, ""p_false_raw"": 6.199492706330989e-06}, {""domanda_alt"": ""Does \""Harry Potter and the Escape from Gring"", ""risposta_pulita"": ""true"", ""prob_unita_alt"": ""T:99.86845764% F:0.13092533% O:0.00045960%"", ""p_true_raw"": 0.9986845764014932, ""p_false_raw"": 0.0013092533268562409}, {""domanda_alt"": ""Is a book titled \""Harry Potter and the Escape"", ""risposta_pulita"": ""false"", ""prob_unita_alt"": ""T:48.48239761% F:51.51283071% O:0.00125760%"", ""p_true_raw"": 0.484823976092198, ""p_false_raw"": 0.5151283070873136}, {""domanda_alt"": ""Would a publication named \""Harry Potter and the Escape"", ""risposta_pulita"": ""true"", ""prob_unita_alt"": ""T:99.61126438% F:0.38732686% O:0.00092214%"", ""p_true_raw"": 0.9961126438304267, ""p_false_raw"": 0.003873268550749696}, {""domanda_alt"": ""Could a book titled \""Harry Potter and the Escape"", ""risposta_pulita"": ""true"", ""prob_unita_alt"": ""T:99.66921219% F:0.32966135% O:0.00067478%"", ""p_true_raw"": 0.9966921219274929, ""p_false_raw"": 0.003296613499658043}]",T:89.52608528% F:10.47227284% A:0.00070737%,4-1,True
69,is 500 days of summer based on a true story,true,"[{""domanda_alt"": ""is 500 days of summer based on a true story"", ""risposta_pulita"": ""true"", ""prob_unita_alt"": ""T:99.99818231% F:0.00134376% O:0.00038211%"", ""p_true_raw"": 0.9999818231488161, ""p_false_raw"": 1.3437636478599174e-05}, {""domanda_alt"": ""Is \""500 Days of Summer\"" inspired by actual"", ""risposta_pulita"": ""true"", ""prob_unita_alt"": ""T:99.99867764% F:0.00096575% O:0.00027355%"", ""p_true_raw"": 0.9999867764162617, ""p_false_raw"": 9.657504576219891e-06}, {""domanda_alt"": ""Is the film \""500 Days of Summer\"" based"", ""risposta_pulita"": ""true"", ""prob_unita_alt"": ""T:99.97845265% F:0.02080268% O:0.00054788%"", ""p_true_raw"": 0.999784526461236, ""p_false_raw"": 0.0002080267794516447}, {""domanda_alt"": ""Does the movie \""500 Days of Summer\"" draw"", ""risposta_pulita"": ""true"", ""prob_unita_alt"": ""T:98.31942544% F:1.67781074% O:0.00159472%"", ""p_true_raw"": 0.9831942543773382, ""p_false_raw"": 0.016778107419535972}, {""domanda_alt"": ""Is the film \""500 Days of Summer\"" an"", ""risposta_pulita"": ""true"", ""prob_unita_alt"": ""T:99.97333424% F:0.02597255% O:0.00049148%"", ""p_true_raw"": 0.999733342352579, ""p_false_raw"": 0.00025972554493422436}]",T:99.65361446% F:0.34537910% A:0.00065795%,5-0,True
70,did greece qualify for the 2018 world cup,false,"[{""domanda_alt"": ""did greece qualify for the 2018 world cup"", ""risposta_pulita"": ""false"", ""prob_unita_alt"": ""T:0.00003461% F:99.99983788% O:0.00004841%"", ""p_true_raw"": 3.460857415403301e-07, ""p_false_raw"": 0.9999983788387938}, {""domanda_alt"": ""Was Greece a participant in the 2018 FIFA"", ""risposta_pulita"": ""false"", ""prob_unita_alt"": ""T:9.40812207% F:90.58929215% O:0.00054011%"", ""p_true_raw"": 0.09408122074775559, ""p_false_raw"": 0.9058929215142998}, {""domanda_alt"": ""Did Greece take part in the 2018 FIFA"", ""risposta_pulita"": ""false"", ""prob_unita_alt"": ""T:20.86487313% F:79.13178600% O:0.00058510%"", ""p_true_raw"": 0.20864873127891098, ""p_false_raw"": 0.7913178599528918}, {""domanda_alt"": ""Was Greece a participant in the 2018 FIFA"", ""risposta_pulita"": ""false"", ""prob_unita_alt"": ""T:9.40812207% F:90.58929215% O:0.00054011%"", ""p_true_raw"": 0.09408122074775559, ""p_false_raw"": 0.9058929215142998}, {""domanda_alt"": ""Did Greece take part in the 2018 FIFA"", ""risposta_pulita"": ""false"", ""prob_unita_alt"": ""T:20.86487313% F:79.13178600% O:0.00058510%"", ""p_true_raw"": 0.20864873127891098, ""p_false_raw"": 0.7913178599528918}]",T:12.10920500% F:87.88839884% A:0.00045977%,5-0,True
71,are liquor stores open on july 4th oklahoma,false,"[{""domanda_alt"": ""are liquor stores open on july 4th oklahoma"", ""risposta_pulita"": ""false"", ""prob_unita_alt"": ""T:0.42983668% F:99.56923214% O:0.00015783%"", ""p_true_raw"": 0.00429836677277667, ""p_false_raw"": 0.9956923213659143}, {""domanda_alt"": ""Do Oklahoma liquor stores operate normally on July 4"", ""risposta_pulita"": ""false"", ""prob_unita_alt"": ""T:0.00408798% F:99.99557524% O:0.00010553%"", ""p_true_raw"": 4.0879841581843215e-05, ""p_false_raw"": 0.9999557524071333}, {""domanda_alt"": ""Are Oklahoma liquor stores open as usual on Independence Day"", ""risposta_pulita"": ""false"", ""prob_unita_alt"": ""T:0.00135650% F:99.99844957% O:0.00006305%"", ""p_true_raw"": 1.3565003562308034e-05, ""p_false_raw"": 0.9999844957172656}, {""domanda_alt"": ""Do Oklahoma liquor stores maintain their regular operating hours on"", ""risposta_pulita"": ""false"", ""prob_unita_alt"": ""T:23.54658891% F:76.43572137% O:0.00342312%"", ""p_true_raw"": 0.2354658891254525, ""p_false_raw"": 0.7643572137371362}, {""domanda_alt"": ""Do Oklahoma liquor stores adhere to their typical business schedules"", ""risposta_pulita"": ""false"", ""prob_unita_alt"": ""T:2.02701035% F:97.97058623% O:0.00057041%"", ""p_true_raw"": 0.020270103510923617, ""p_false_raw"": 0.9797058623417042}]",T:5.20177609% F:94.79391291% A:0.00086399%,5-0,True
72,can picking your nose affect your sense of smell,false,"[{""domanda_alt"": ""can picking your nose affect your sense of smell"", ""risposta_pulita"": ""false"", ""prob_unita_alt"": ""T:0.94941091% F:99.05005810% O:0.00007431%"", ""p_true_raw"": 0.009494109144511112, ""p_false_raw"": 0.9905005810374935}, {""domanda_alt"": ""Does nasal manipulation impact olfactory perception?"", ""risposta_pulita"": ""false"", ""prob_unita_alt"": ""T:0.79933346% F:99.19991489% O:0.00010626%"", ""p_true_raw"": 0.007993334584324585, ""p_false_raw"": 0.991999148910077}, {""domanda_alt"": ""Can alterations to nostril movement influence one's ability"", ""risposta_pulita"": ""false"", ""prob_unita_alt"": ""T:2.61673221% F:97.37950334% O:0.00052003%"", ""p_true_raw"": 0.026167322076143373, ""p_false_raw"": 0.9737950334045059}, {""domanda_alt"": ""Do changes in nasal cavity motion have an impact on"", ""risposta_pulita"": ""false"", ""prob_unita_alt"": ""T:0.53253843% F:99.46585643% O:0.00041722%"", ""p_true_raw"": 0.005325384299889623, ""p_false_raw"": 0.994658564324066}, {""domanda_alt"": ""Does the alteration of nasal cavity movement exert a significant"", ""risposta_pulita"": ""false"", ""prob_unita_alt"": ""T:0.08001532% F:99.91861831% O:0.00035577%"", ""p_true_raw"": 0.0008001532065152425, ""p_false_raw"": 0.9991861830727012}]",T:0.99560607% F:99.00279021% A:0.00029472%,5-0,True
73,is olympus has fallen and london has fallen related,true,"[{""domanda_alt"": ""is olympus has fallen and london has fallen related"", ""risposta_pulita"": ""true"", ""prob_unita_alt"": ""T:99.99886765% F:0.00096934% O:0.00010671%"", ""p_true_raw"": 0.9999886765330135, ""p_false_raw"": 9.69339119604521e-06}, {""domanda_alt"": ""Are the films \""Olympus Has Fallen\"""", ""risposta_pulita"": ""true"", ""prob_unita_alt"": ""T:96.59639711% F:3.40073319% O:0.00106249%"", ""p_true_raw"": 0.9659639711211022, ""p_false_raw"": 0.03400733192329782}, {""domanda_alt"": ""Do the movies \""Olympus Has Fallen\"""", ""risposta_pulita"": ""true"", ""prob_unita_alt"": ""T:96.52052120% F:3.47675057% O:0.00125319%"", ""p_true_raw"": 0.9652052120309728, ""p_false_raw"": 0.034767505667603824}, {""domanda_alt"": ""Do the films \""Olympus Has Fallen\"""", ""risposta_pulita"": ""true"", ""prob_unita_alt"": ""T:97.40468020% F:2.59311473% O:0.00106461%"", ""p_true_raw"": 0.9740468020102407, ""p_false_raw"": 0.02593114726898665}, {""domanda_alt"": ""Are the movies \""Olympus Has Fallen\"""", ""risposta_pulita"": ""true"", ""prob_unita_alt"": ""T:94.45532432% F:5.54110518% O:0.00123393%"", ""p_true_raw"": 0.9445532432233525, ""p_false_raw"": 0.055411051818492985}]",T:96.99515810% F:3.00253460% A:0.00094419%,5-0,True
74,is fathers day the first sunday in september,false,"[{""domanda_alt"": ""is fathers day the first sunday in september"", ""risposta_pulita"": ""false"", ""prob_unita_alt"": ""T:0.00000000% F:99.99941620% O:0.00032690%"", ""p_true_raw"": 0.0, ""p_false_raw"": 0.9999941619606632}, {""domanda_alt"": ""Does Father's Day always occur on the first Sunday"", ""risposta_pulita"": ""false"", ""prob_unita_alt"": ""T:0.00014791% F:99.99924283% O:0.00028216%"", ""p_true_raw"": 1.4791292220289318e-06, ""p_false_raw"": 0.9999924283322065}, {""domanda_alt"": ""Is Father's Day consistently celebrated on the initial Sunday"", ""risposta_pulita"": ""false"", ""prob_unita_alt"": ""T:0.04230437% F:99.95607610% O:0.00054634%"", ""p_true_raw"": 0.00042304369233188064, ""p_false_raw"": 0.9995607610208349}, {""domanda_alt"": ""Does Father's Day typically fall on the first available"", ""risposta_pulita"": ""false"", ""prob_unita_alt"": ""T:0.18893225% F:99.80784861% O:0.00117765%"", ""p_true_raw"": 0.0018893225467807445, ""p_false_raw"": 0.9980784860663261}, {""domanda_alt"": ""Does Father's Day usually occur on its designated calendar"", ""risposta_pulita"": ""true"", ""prob_unita_alt"": ""T:90.43857723% F:9.55747393% O:0.00178687%"", ""p_true_raw"": 0.9043857723121355, ""p_false_raw"": 0.09557473929906003}]",T:18.13399235% F:81.86401153% A:0.00082398%,4-1,True
75,does winning the fa cup qualify for europe,true,"[{""domanda_alt"": ""does winning the fa cup qualify for europe"", ""risposta_pulita"": ""true"", ""prob_unita_alt"": ""T:99.99709910% F:0.00259447% O:0.00020282%"", ""p_true_raw"": 0.9999709910289756, ""p_false_raw"": 2.5944729901217017e-05}, {""domanda_alt"": ""Does achieving victory in the FA Cup tournament guarantee a"", ""risposta_pulita"": ""true"", ""prob_unita_alt"": ""T:96.70601858% F:3.28976418% O:0.00148617%"", ""p_true_raw"": 0.9670601858222904, ""p_false_raw"": 0.032897641827275226}, {""domanda_alt"": ""Is winning the FA Cup sufficient to automatically secure?"", ""risposta_pulita"": ""false"", ""prob_unita_alt"": ""T:44.38973137% F:55.60026529% O:0.00185925%"", ""p_true_raw"": 0.443897313664157, ""p_false_raw"": 0.5560026528531452}, {""domanda_alt"": ""Does winning the FA Cup guarantee immediate success?"", ""risposta_pulita"": ""false"", ""prob_unita_alt"": ""T:0.64706159% F:99.35002145% O:0.00060439%"", ""p_true_raw"": 0.006470615852188398, ""p_false_raw"": 0.9935002145420233}, {""domanda_alt"": ""Does securing the FA Cup trophy necessarily ensure swift achievement"", ""risposta_pulita"": ""false"", ""prob_unita_alt"": ""T:1.87564915% F:98.11606045% O:0.00279176%"", ""p_true_raw"": 0.018756491472974604, ""p_false_raw"": 0.9811606044731985}]",T:48.72311196% F:51.27174117% A:0.00138888%,3-2,False
76,is rise of the tomb raider set after tomb raider,true,"[{""domanda_alt"": ""is rise of the tomb raider set after tomb raider"", ""risposta_pulita"": ""true"", ""prob_unita_alt"": ""T:91.66602918% F:8.33121373% O:0.00123244%"", ""p_true_raw"": 0.9166602917985207, ""p_false_raw"": 0.08331213728113226}, {""domanda_alt"": ""Does Rise of the Tomb Raider occur subsequent to the"", ""risposta_pulita"": ""true"", ""prob_unita_alt"": ""T:98.86787279% F:1.13090620% O:0.00066826%"", ""p_true_raw"": 0.9886787278646391, ""p_false_raw"": 0.011309061986629442}, {""domanda_alt"": ""Does Tomb Raider's sequel take place after the events"", ""risposta_pulita"": ""true"", ""prob_unita_alt"": ""T:97.86811924% F:2.12998612% O:0.00080100%"", ""p_true_raw"": 0.978681192446485, ""p_false_raw"": 0.021299861156458683}, {""domanda_alt"": ""Does the storyline of Tomb Raider's sequel unfold subsequent"", ""risposta_pulita"": ""true"", ""prob_unita_alt"": ""T:76.43526930% F:23.55951299% O:0.00163865%"", ""p_true_raw"": 0.7643526930482456, ""p_false_raw"": 0.23559512993088785}, {""domanda_alt"": ""Does the narrative progression in Tomb Raider's sequel occur"", ""risposta_pulita"": ""true"", ""prob_unita_alt"": ""T:92.13732610% F:7.85771916% O:0.00213421%"", ""p_true_raw"": 0.9213732610369417, ""p_false_raw"": 0.07857719155588104}]",T:91.39492332% F:8.60186764% A:0.00129491%,5-0,True
77,are there any states that do not have a seat belt law,true,"[{""domanda_alt"": ""are there any states that do not have a seat belt law"", ""risposta_pulita"": ""true"", ""prob_unita_alt"": ""T:78.50993835% F:21.48722913% O:0.00109074%"", ""p_true_raw"": 0.7850993835219802, ""p_false_raw"": 0.21487229133010058}, {""domanda_alt"": ""Do any of the 50 US states currently lack"", ""risposta_pulita"": ""false"", ""prob_unita_alt"": ""T:22.06209963% F:77.93397473% O:0.00090480%"", ""p_true_raw"": 0.2206209962757654, ""p_false_raw"": 0.7793397473390129}, {""domanda_alt"": ""Is there a state among the 50 in the"", ""risposta_pulita"": ""true"", ""prob_unita_alt"": ""T:57.13282805% F:42.80340422% O:0.05662881%"", ""p_true_raw"": 0.5713282804731652, ""p_false_raw"": 0.4280340421785317}, {""domanda_alt"": ""Is one of the 50 US states characterized by"", ""risposta_pulita"": ""true"", ""prob_unita_alt"": ""T:60.13912789% F:39.80196028% O:0.05227966%"", ""p_true_raw"": 0.6013912788679935, ""p_false_raw"": 0.3980196027652147}, {""domanda_alt"": ""Are there any specific attributes associated with one of the"", ""risposta_pulita"": ""false"", ""prob_unita_alt"": ""T:41.63061905% F:58.35396456% O:0.00552423%"", ""p_true_raw"": 0.4163061905323297, ""p_false_raw"": 0.5835396455670362}]",T:51.89492259% F:48.07610658% A:0.02328565%,3-2,True
78,were the us armed forces integrated in wwi,true,"[{""domanda_alt"": ""were the us armed forces integrated in wwi"", ""risposta_pulita"": ""false"", ""prob_unita_alt"": ""T:13.09298252% F:86.90409124% O:0.00057920%"", ""p_true_raw"": 0.13092982520058766, ""p_false_raw"": 0.8690409124313729}, {""domanda_alt"": ""Did the US military forces undergo racial integration during World"", ""risposta_pulita"": ""true"", ""prob_unita_alt"": ""T:74.11979373% F:25.87276781% O:0.00203829%"", ""p_true_raw"": 0.7411979373494434, ""p_false_raw"": 0.25872767811808667}, {""domanda_alt"": ""Was racial diversity introduced into the United States military organization"", ""risposta_pulita"": ""true"", ""prob_unita_alt"": ""T:99.24397113% F:0.75386250% O:0.00158102%"", ""p_true_raw"": 0.9924397112656351, ""p_false_raw"": 0.0075386250432778745}, {""domanda_alt"": ""Did the United States military institution historically incorporate racial diversity"", ""risposta_pulita"": ""true"", ""prob_unita_alt"": ""T:97.08120859% F:2.91577818% O:0.00180564%"", ""p_true_raw"": 0.9708120859371646, ""p_false_raw"": 0.02915778178785863}, {""domanda_alt"": ""Was racial inclusivity a characteristic of the United States"", ""risposta_pulita"": ""true"", ""prob_unita_alt"": ""T:86.73584041% F:13.25970147% O:0.00184138%"", ""p_true_raw"": 0.8673584041387556, ""p_false_raw"": 0.13259701469331575}]",T:74.05475928% F:25.94124024% A:0.00156911%,4-1,True
79,is salary included in cost of goods sold,true,"[{""domanda_alt"": ""is salary included in cost of goods sold"", ""risposta_pulita"": ""false"", ""prob_unita_alt"": ""T:0.01817917% F:99.98102565% O:0.00012584%"", ""p_true_raw"": 0.0001817916765405462, ""p_false_raw"": 0.9998102565281782}, {""domanda_alt"": ""Does the total value of a product or service encompass"", ""risposta_pulita"": ""false"", ""prob_unita_alt"": ""T:33.23466710% F:66.75604361% O:0.00196128%"", ""p_true_raw"": 0.3323466710462403, ""p_false_raw"": 0.6675604361082713}, {""domanda_alt"": ""Does the aggregate worth of an item or offering incorporate"", ""risposta_pulita"": ""true"", ""prob_unita_alt"": ""T:95.11436983% F:4.82040937% O:0.06081749%"", ""p_true_raw"": 0.9511436983276724, ""p_false_raw"": 0.04820409366608633}, {""domanda_alt"": ""Does the total value of something being presented or provided"", ""risposta_pulita"": ""true"", ""prob_unita_alt"": ""T:74.37431242% F:25.58896065% O:0.02822415%"", ""p_true_raw"": 0.7437431241795673, ""p_false_raw"": 0.2558896065343852}, {""domanda_alt"": ""Does the aggregate worth of what's being offered or"", ""risposta_pulita"": ""true"", ""prob_unita_alt"": ""T:52.12510050% F:47.86666132% O:0.00214822%"", ""p_true_raw"": 0.5212510049692959, ""p_false_raw"": 0.4786666132024521}]",T:50.97332580% F:49.00262012% A:0.01865540%,3-2,True
80,does surface pro 4 come with microsoft office,true,"[{""domanda_alt"": ""does surface pro 4 come with microsoft office"", ""risposta_pulita"": ""true"", ""prob_unita_alt"": ""T:99.96695705% F:0.03235672% O:0.00051130%"", ""p_true_raw"": 0.9996695704700097, ""p_false_raw"": 0.0003235672415016977}, {""domanda_alt"": ""Does the Surface Pro 4 tablet arrive pre-inst"", ""risposta_pulita"": ""false"", ""prob_unita_alt"": ""T:46.50037076% F:53.48824112% O:0.00229809%"", ""p_true_raw"": 0.46500370755592924, ""p_false_raw"": 0.5348824112187287}, {""domanda_alt"": ""Does the Surface Pro 4 tablet come with its"", ""risposta_pulita"": ""true"", ""prob_unita_alt"": ""T:77.89035549% F:22.10065334% O:0.00329479%"", ""p_true_raw"": 0.778903554895314, ""p_false_raw"": 0.2210065333985731}, {""domanda_alt"": ""Is the Microsoft Surface Pro 4 device packaged with"", ""risposta_pulita"": ""true"", ""prob_unita_alt"": ""T:88.26116717% F:11.73360448% O:0.00180334%"", ""p_true_raw"": 0.882611671741116, ""p_false_raw"": 0.11733604482212526}, {""domanda_alt"": ""Does the Microsoft Surface Pro 4 come bundled with"", ""risposta_pulita"": ""true"", ""prob_unita_alt"": ""T:87.65388387% F:12.33996024% O:0.00208915%"", ""p_true_raw"": 0.8765388387189701, ""p_false_raw"": 0.1233996024363978}]",T:80.05454687% F:19.93896318% A:0.00199933%,4-1,True
81,is the black sea connected to the mediterranean,true,"[{""domanda_alt"": ""is the black sea connected to the mediterranean"", ""risposta_pulita"": ""true"", ""prob_unita_alt"": ""T:99.99035039% F:0.00922085% O:0.00031386%"", ""p_true_raw"": 0.9999035038775556, ""p_false_raw"": 9.22084945180209e-05}, {""domanda_alt"": ""Does the Black Sea have a direct waterway link"", ""risposta_pulita"": ""false"", ""prob_unita_alt"": ""T:27.41593994% F:72.57878751% O:0.00094069%"", ""p_true_raw"": 0.27415939935532063, ""p_false_raw"": 0.7257878751477287}, {""domanda_alt"": ""Is there a straight or unbroken water route connecting"", ""risposta_pulita"": ""false"", ""prob_unita_alt"": ""T:45.37140632% F:54.62118443% O:0.00116741%"", ""p_true_raw"": 0.4537140632034524, ""p_false_raw"": 0.5462118442776047}, {""domanda_alt"": ""Does a continuous body of water exist that allows for"", ""risposta_pulita"": ""true"", ""prob_unita_alt"": ""T:94.94640527% F:5.05018939% O:0.00112427%"", ""p_true_raw"": 0.9494640527381955, ""p_false_raw"": 0.050501893946046296}, {""domanda_alt"": ""Is there a single, uninterrupted mass of water that"", ""risposta_pulita"": ""false"", ""prob_unita_alt"": ""T:4.75953248% F:95.23677374% O:0.00052838%"", ""p_true_raw"": 0.04759532476435883, ""p_false_raw"": 0.9523677373889279}]",T:54.49672688% F:45.49923119% A:0.00081492%,3-2,True
82,is hawaii five-0 still on tv,true,"[{""domanda_alt"": ""is hawaii five-0 still on tv"", ""risposta_pulita"": ""false"", ""prob_unita_alt"": ""T:0.14288238% F:99.85560448% O:0.00042997%"", ""p_true_raw"": 0.0014288238479439235, ""p_false_raw"": 0.9985560448001519}, {""domanda_alt"": ""Is the television series \""Hawaii Five-0"", ""risposta_pulita"": ""true"", ""prob_unita_alt"": ""T:98.68728102% F:1.31122331% O:0.00071639%"", ""p_true_raw"": 0.986872810225058, ""p_false_raw"": 0.013112233070024275}, {""domanda_alt"": ""Does the TV show \""Hawaii Five-0"", ""risposta_pulita"": ""true"", ""prob_unita_alt"": ""T:89.44328483% F:10.55332933% O:0.00115188%"", ""p_true_raw"": 0.8944328482545677, ""p_false_raw"": 0.10553329327514971}, {""domanda_alt"": ""Is the television series \""Hawaii Five-O\"""", ""risposta_pulita"": ""true"", ""prob_unita_alt"": ""T:99.31982418% F:0.67851575% O:0.00068460%"", ""p_true_raw"": 0.9931982418293953, ""p_false_raw"": 0.006785157512990088}, {""domanda_alt"": ""Does the television series titled \""Hawaii Five-O"", ""risposta_pulita"": ""true"", ""prob_unita_alt"": ""T:86.00205442% F:13.99089171% O:0.00189321%"", ""p_true_raw"": 0.8600205441640743, ""p_false_raw"": 0.13990891711387407}]",T:74.71906537% F:25.27791292% A:0.00097521%,4-1,True
83,does rachel and ross get together in the end,true,"[{""domanda_alt"": ""does rachel and ross get together in the end"", ""risposta_pulita"": ""true"", ""prob_unita_alt"": ""T:99.99365364% F:0.00590009% O:0.00036379%"", ""p_true_raw"": 0.9999365364313558, ""p_false_raw"": 5.900091143835732e-05}, {""domanda_alt"": ""Do Rachel and Ross ultimately form a romantic partnership throughout"", ""risposta_pulita"": ""true"", ""prob_unita_alt"": ""T:95.85931121% F:4.13748083% O:0.00208414%"", ""p_true_raw"": 0.9585931120841724, ""p_false_raw"": 0.041374808318342414}, {""domanda_alt"": ""Do Rachel and Ross ultimately develop a long-term romantic"", ""risposta_pulita"": ""true"", ""prob_unita_alt"": ""T:70.52296556% F:29.47076690% O:0.00234688%"", ""p_true_raw"": 0.7052296556373437, ""p_false_raw"": 0.29470766897895134}, {""domanda_alt"": ""Will Rachel and Ross evolve into a committed, lifelong"", ""risposta_pulita"": ""true"", ""prob_unita_alt"": ""T:92.90799310% F:7.08848363% O:0.00167033%"", ""p_true_raw"": 0.9290799309652975, ""p_false_raw"": 0.07088483627046033}, {""domanda_alt"": ""Will their relationship mature to a deep, long-term"", ""risposta_pulita"": ""false"", ""prob_unita_alt"": ""T:22.89529746% F:77.09662274% O:0.00222539%"", ""p_true_raw"": 0.22895297462038305, ""p_false_raw"": 0.7709662273597174}]",T:76.43584419% F:23.55985084% A:0.00173811%,4-1,True
84,is the turbulent water created by breaking waves,true,"[{""domanda_alt"": ""is the turbulent water created by breaking waves"", ""risposta_pulita"": ""true"", ""prob_unita_alt"": ""T:92.88750182% F:7.10682329% O:0.00222368%"", ""p_true_raw"": 0.9288750182388069, ""p_false_raw"": 0.07106823286920327}, {""domanda_alt"": ""Does the water churned up by crashing surf meet"", ""risposta_pulita"": ""true"", ""prob_unita_alt"": ""T:78.61152247% F:21.37578763% O:0.00446920%"", ""p_true_raw"": 0.7861152247172734, ""p_false_raw"": 0.21375787626479334}, {""domanda_alt"": ""Does the ocean's turbulent mixture produced by colliding"", ""risposta_pulita"": ""false"", ""prob_unita_alt"": ""T:0.00210180% F:99.99689377% O:0.00041080%"", ""p_true_raw"": 2.101798708653242e-05, ""p_false_raw"": 0.9999689376766779}, {""domanda_alt"": ""Does the turbulence in the ocean resulting from colliding"", ""risposta_pulita"": ""false"", ""prob_unita_alt"": ""T:0.00323172% F:99.99567877% O:0.00040399%"", ""p_true_raw"": 3.231719825325838e-05, ""p_false_raw"": 0.9999567876747534}, {""domanda_alt"": ""Does the ocean's turbulence caused by colliding waves"", ""risposta_pulita"": ""false"", ""prob_unita_alt"": ""T:0.00570452% F:99.99354349% O:0.00019335%"", ""p_true_raw"": 5.704524316854185e-05, ""p_false_raw"": 0.9999354349248136}]",T:34.30201247% F:65.69374539% A:0.00154020%,3-2,False
85,has it ever snowed in san diego california,true,"[{""domanda_alt"": ""has it ever snowed in san diego california"", ""risposta_pulita"": ""true"", ""prob_unita_alt"": ""T:98.17404633% F:1.82492342% O:0.00060726%"", ""p_true_raw"": 0.9817404632936775, ""p_false_raw"": 0.018249234228940085}, {""domanda_alt"": ""Has snowfall occurred at any point in San Diego"", ""risposta_pulita"": ""true"", ""prob_unita_alt"": ""T:99.93712685% F:0.06245199% O:0.00029164%"", ""p_true_raw"": 0.9993712684958711, ""p_false_raw"": 0.0006245199160952259}, {""domanda_alt"": ""Has there ever been any measurable precipitation in the form"", ""risposta_pulita"": ""true"", ""prob_unita_alt"": ""T:98.77646370% F:1.22155243% O:0.00117335%"", ""p_true_raw"": 0.987764636969702, ""p_false_raw"": 0.012215524326011291}, {""domanda_alt"": ""Has there ever occurred any quantifiable rainfall or other"", ""risposta_pulita"": ""true"", ""prob_unita_alt"": ""T:78.99486059% F:20.99165762% O:0.00435347%"", ""p_true_raw"": 0.7899486059410429, ""p_false_raw"": 0.20991657619181991}, {""domanda_alt"": ""Has any measurable precipitation or hydrologic event taken place"", ""risposta_pulita"": ""true"", ""prob_unita_alt"": ""T:92.10885198% F:7.88485160% O:0.00286963%"", ""p_true_raw"": 0.9210885198025813, ""p_false_raw"": 0.07884851601003254}]",T:93.59826989% F:6.39708741% A:0.00185907%,5-0,True
86,does a soccer kick off have to go forward,false,"[{""domanda_alt"": ""does a soccer kick off have to go forward"", ""risposta_pulita"": ""false"", ""prob_unita_alt"": ""T:1.99618058% F:98.00213991% O:0.00053053%"", ""p_true_raw"": 0.019961805834981534, ""p_false_raw"": 0.9800213990683074}, {""domanda_alt"": ""Must a kickoff in soccer necessarily head in a forward"", ""risposta_pulita"": ""false"", ""prob_unita_alt"": ""T:1.62052355% F:98.37767359% O:0.00051267%"", ""p_true_raw"": 0.016205235543856306, ""p_false_raw"": 0.9837767358690703}, {""domanda_alt"": ""Is it a requirement that a kickoff in soccer always"", ""risposta_pulita"": ""false"", ""prob_unita_alt"": ""T:8.03141072% F:91.96395286% O:0.00140912%"", ""p_true_raw"": 0.08031410720245431, ""p_false_raw"": 0.9196395286219673}, {""domanda_alt"": ""Must a kickoff in soccer necessarily adhere to specific rules"", ""risposta_pulita"": ""true"", ""prob_unita_alt"": ""T:98.06458441% F:1.93332121% O:0.00151622%"", ""p_true_raw"": 0.9806458440666795, ""p_false_raw"": 0.019333212095282118}, {""domanda_alt"": ""Do soccer's kickoff regulations inherently apply universally?"", ""risposta_pulita"": ""false"", ""prob_unita_alt"": ""T:1.70442933% F:98.29390863% O:0.00042545%"", ""p_true_raw"": 0.017044293280317237, ""p_false_raw"": 0.9829390862741628}]",T:22.28342572% F:77.71419924% A:0.00087880%,4-1,True
87,is there going to be a new season of wentworth,true,"[{""domanda_alt"": ""is there going to be a new season of wentworth"", ""risposta_pulita"": ""true"", ""prob_unita_alt"": ""T:91.96359437% F:8.03055835% O:0.00313535%"", ""p_true_raw"": 0.9196359437145516, ""p_false_raw"": 0.08030558349401118}, {""domanda_alt"": ""Will Wentworth have another installment in the near future"", ""risposta_pulita"": ""true"", ""prob_unita_alt"": ""T:99.71958990% F:0.27896479% O:0.00104474%"", ""p_true_raw"": 0.997195899023845, ""p_false_raw"": 0.002789647881616141}, {""domanda_alt"": ""Can we expect a sequel to Wentworth's story"", ""risposta_pulita"": ""false"", ""prob_unita_alt"": ""T:43.14502418% F:56.84616107% O:0.00310375%"", ""p_true_raw"": 0.4314502418041481, ""p_false_raw"": 0.5684616106893694}, {""domanda_alt"": ""Will there be a continuation of Wentworth's narrative"", ""risposta_pulita"": ""true"", ""prob_unita_alt"": ""T:99.97047583% F:0.02895789% O:0.00045521%"", ""p_true_raw"": 0.9997047583498602, ""p_false_raw"": 0.0002895788910521566}, {""domanda_alt"": ""Will Wentworth's storyline be picked up again in"", ""risposta_pulita"": ""false"", ""prob_unita_alt"": ""T:37.69692424% F:62.27911564% O:0.00923743%"", ""p_true_raw"": 0.37696924244209523, ""p_false_raw"": 0.6227911563778206}]",T:74.49912171% F:25.49275155% A:0.00339530%,3-2,True
88,is boss baby back in business on netflix,true,"[{""domanda_alt"": ""is boss baby back in business on netflix"", ""risposta_pulita"": ""true"", ""prob_unita_alt"": ""T:99.99568202% F:0.00404616% O:0.00018371%"", ""p_true_raw"": 0.9999568201808053, ""p_false_raw"": 4.046160714045245e-05}, {""domanda_alt"": ""Is The Boss Baby currently available for streaming on Netflix"", ""risposta_pulita"": ""false"", ""prob_unita_alt"": ""T:15.22566639% F:84.76844095% O:0.00092470%"", ""p_true_raw"": 0.15225666389943138, ""p_false_raw"": 0.8476844095140202}, {""domanda_alt"": ""Can I stream The Boss Baby right now on Netflix"", ""risposta_pulita"": ""false"", ""prob_unita_alt"": ""T:7.84650977% F:92.14412119% O:0.00341091%"", ""p_true_raw"": 0.0784650977112517, ""p_false_raw"": 0.9214412118616192}, {""domanda_alt"": ""Is it currently possible to access The Boss Baby via"", ""risposta_pulita"": ""false"", ""prob_unita_alt"": ""T:22.99546036% F:76.98523415% O:0.00397357%"", ""p_true_raw"": 0.22995460364579431, ""p_false_raw"": 0.7698523415151053}, {""domanda_alt"": ""Can one currently gain entry to The Boss Baby through"", ""risposta_pulita"": ""false"", ""prob_unita_alt"": ""T:19.84627317% F:79.70201600% O:0.40034802%"", ""p_true_raw"": 0.19846273171718753, ""p_false_raw"": 0.7970201599967018}]",T:33.18191834% F:66.72077169% A:0.08176818%,4-1,False
89,is there a bart station in antioch ca,true,"[{""domanda_alt"": ""is there a bart station in antioch ca"", ""risposta_pulita"": ""true"", ""prob_unita_alt"": ""T:99.99973682% F:0.00012141% O:0.00010851%"", ""p_true_raw"": 0.9999973682441108, ""p_false_raw"": 1.214085925811098e-06}, {""domanda_alt"": ""Is Antioch, California home to a B"", ""risposta_pulita"": ""true"", ""prob_unita_alt"": ""T:99.98156250% F:0.01809413% O:0.00021018%"", ""p_true_raw"": 0.9998156249513833, ""p_false_raw"": 0.00018094128987322045}, {""domanda_alt"": ""Does Antioch, California have a presence of"", ""risposta_pulita"": ""true"", ""prob_unita_alt"": ""T:99.74502624% F:0.25326274% O:0.00076326%"", ""p_true_raw"": 0.9974502623603306, ""p_false_raw"": 0.0025326273843946545}, {""domanda_alt"": ""Does Antioch, California possess an identifiable existence"", ""risposta_pulita"": ""true"", ""prob_unita_alt"": ""T:99.99924853% F:0.00065877% O:0.00005824%"", ""p_true_raw"": 0.9999924853137577, ""p_false_raw"": 6.587686442832856e-06}, {""domanda_alt"": ""Can the entity known as Antioch, California"", ""risposta_pulita"": ""true"", ""prob_unita_alt"": ""T:99.96510479% F:0.03456122% O:0.00021590%"", ""p_true_raw"": 0.9996510478588112, ""p_false_raw"": 0.0003456122315354532}]",T:99.93813577% F:0.06133965% A:0.00027122%,5-0,True
90,is ar-15 used in the military,false,"[{""domanda_alt"": ""is ar-15 used in the military"", ""risposta_pulita"": ""false"", ""prob_unita_alt"": ""T:1.42989645% F:98.56739721% O:0.00071365%"", ""p_true_raw"": 0.01429896454302795, ""p_false_raw"": 0.9856739720649927}, {""domanda_alt"": ""Is the AR-15 rifle a standard issue weapon"", ""risposta_pulita"": ""false"", ""prob_unita_alt"": ""T:0.00013698% F:99.99949868% O:0.00015996%"", ""p_true_raw"": 1.3698495118883818e-06, ""p_false_raw"": 0.9999949867804044}, {""domanda_alt"": ""Is the AR-15 rifle typically used as part"", ""risposta_pulita"": ""false"", ""prob_unita_alt"": ""T:45.82720050% F:54.15621751% O:0.00362446%"", ""p_true_raw"": 0.45827200503770016, ""p_false_raw"": 0.5415621750657017}, {""domanda_alt"": ""Is the AR-15 rifle commonly employed within a"", ""risposta_pulita"": ""false"", ""prob_unita_alt"": ""T:30.39482310% F:69.56962372% O:0.01376391%"", ""p_true_raw"": 0.30394823100850143, ""p_false_raw"": 0.6956962371501368}, {""domanda_alt"": ""Is the AR-15 rifle typically utilized in a"", ""risposta_pulita"": ""false"", ""prob_unita_alt"": ""T:37.34634979% F:60.16369976% O:2.31457648%"", ""p_true_raw"": 0.37346349788834965, ""p_false_raw"": 0.6016369975839443}]",T:22.99968137% F:76.49128737% A:0.46656769%,5-0,True
91,is lac leman the same as lake geneva,true,"[{""domanda_alt"": ""is lac leman the same as lake geneva"", ""risposta_pulita"": ""true"", ""prob_unita_alt"": ""T:76.69447921% F:23.30101287% O:0.00160773%"", ""p_true_raw"": 0.766944792054599, ""p_false_raw"": 0.23301012872543322}, {""domanda_alt"": ""Are Lac L\u00e9man and Lake Geneva interchangeable terms"", ""risposta_pulita"": ""true"", ""prob_unita_alt"": ""T:94.25281790% F:5.74467139% O:0.00119429%"", ""p_true_raw"": 0.9425281789665322, ""p_false_raw"": 0.05744671394697162}, {""domanda_alt"": ""Can the names \""Lac L\u00e9man\"""", ""risposta_pulita"": ""true"", ""prob_unita_alt"": ""T:99.79578998% F:0.20361472% O:0.00035466%"", ""p_true_raw"": 0.9979578998335439, ""p_false_raw"": 0.0020361472012745364}, {""domanda_alt"": ""Is the appellation \""Lac L\u00e9man"", ""risposta_pulita"": ""true"", ""prob_unita_alt"": ""T:99.69612160% F:0.30270248% O:0.00062787%"", ""p_true_raw"": 0.996961215959384, ""p_false_raw"": 0.0030270247693683313}, {""domanda_alt"": ""Is the name \""Lac L\u00e9man\"""", ""risposta_pulita"": ""true"", ""prob_unita_alt"": ""T:99.87864108% F:0.12011685% O:0.00072771%"", ""p_true_raw"": 0.9987864108204692, ""p_false_raw"": 0.0012011685109056599}]",T:94.06356995% F:5.93442366% A:0.00090245%,5-0,True
92,are lenscrafters and pearle vision the same company,true,"[{""domanda_alt"": ""are lenscrafters and pearle vision the same company"", ""risposta_pulita"": ""false"", ""prob_unita_alt"": ""T:0.09215145% F:99.90750954% O:0.00004927%"", ""p_true_raw"": 0.000921514542386547, ""p_false_raw"": 0.9990750954361584}, {""domanda_alt"": ""Is LensCrafters a subsidiary of Pearle Vision"", ""risposta_pulita"": ""false"", ""prob_unita_alt"": ""T:8.69152270% F:91.30550139% O:0.00051871%"", ""p_true_raw"": 0.08691522701105855, ""p_false_raw"": 0.913055013906255}, {""domanda_alt"": ""Is Pearle Vision the parent company of LensCraft"", ""risposta_pulita"": ""false"", ""prob_unita_alt"": ""T:18.60293398% F:81.39207906% O:0.00086651%"", ""p_true_raw"": 0.18602933982112554, ""p_false_raw"": 0.8139207906470559}, {""domanda_alt"": ""Is LensCraft a subsidiary of Pearle Vision?"", ""risposta_pulita"": ""false"", ""prob_unita_alt"": ""T:0.00215294% F:99.99746292% O:0.00011957%"", ""p_true_raw"": 2.1529363803547492e-05, ""p_false_raw"": 0.9999746292418746}, {""domanda_alt"": ""Is Pearle Vision the parent company of LensCraft"", ""risposta_pulita"": ""false"", ""prob_unita_alt"": ""T:18.60293398% F:81.39207906% O:0.00086651%"", ""p_true_raw"": 0.18602933982112554, ""p_false_raw"": 0.8139207906470559}]",T:9.19833901% F:90.79892640% A:0.00048411%,5-0,False
93,can you score from a throw in in soccer,false,"[{""domanda_alt"": ""can you score from a throw in in soccer"", ""risposta_pulita"": ""false"", ""prob_unita_alt"": ""T:0.25929181% F:99.73965673% O:0.00035624%"", ""p_true_raw"": 0.0025929181249201277, ""p_false_raw"": 0.997396567307885}, {""domanda_alt"": ""Is it possible to achieve a goal through a thrown"", ""risposta_pulita"": ""false"", ""prob_unita_alt"": ""T:0.33471868% F:99.66416245% O:0.00030033%"", ""p_true_raw"": 0.0033471867710055665, ""p_false_raw"": 0.996641624499663}, {""domanda_alt"": ""Can a target be successfully reached through a deliberate toss"", ""risposta_pulita"": ""false"", ""prob_unita_alt"": ""T:7.26479607% F:92.73029434% O:0.00123244%"", ""p_true_raw"": 0.07264796070520078, ""p_false_raw"": 0.9273029433741609}, {""domanda_alt"": ""Can you accurately hit your mark with an intentional throw"", ""risposta_pulita"": ""false"", ""prob_unita_alt"": ""T:1.05263828% F:98.94283331% O:0.00094010%"", ""p_true_raw"": 0.010526382828924144, ""p_false_raw"": 0.9894283330617584}, {""domanda_alt"": ""Do you consistently land a thrown object at its designated"", ""risposta_pulita"": ""false"", ""prob_unita_alt"": ""T:0.48862377% F:99.50527911% O:0.00112796%"", ""p_true_raw"": 0.004886237664162104, ""p_false_raw"": 0.9950527911200504}]",T:1.88001372% F:98.11644519% A:0.00079142%,5-0,True
94,is father's day celebrated in the netherlands,true,"[{""domanda_alt"": ""is father's day celebrated in the netherlands"", ""risposta_pulita"": ""true"", ""prob_unita_alt"": ""T:99.99975991% F:0.00012221% O:0.00008543%"", ""p_true_raw"": 0.9999975991015245, ""p_false_raw"": 1.222067584209533e-06}, {""domanda_alt"": ""Is Father's Day a widely observed holiday in the"", ""risposta_pulita"": ""false"", ""prob_unita_alt"": ""T:0.03266432% F:99.96640363% O:0.00027800%"", ""p_true_raw"": 0.00032664319831647294, ""p_false_raw"": 0.9996640363051165}, {""domanda_alt"": ""Is Father's Day a common celebration throughout the"", ""risposta_pulita"": ""true"", ""prob_unita_alt"": ""T:93.36928348% F:6.62606001% O:0.00195308%"", ""p_true_raw"": 0.9336928347562984, ""p_false_raw"": 0.06626060007339832}, {""domanda_alt"": ""Is Father's Day widely observed across various cultures?"", ""risposta_pulita"": ""false"", ""prob_unita_alt"": ""T:9.25865244% F:90.73673810% O:0.00121947%"", ""p_true_raw"": 0.09258652441212481, ""p_false_raw"": 0.9073673809899641}, {""domanda_alt"": ""Does Father's Day have a significant presence in diverse"", ""risposta_pulita"": ""true"", ""prob_unita_alt"": ""T:51.92710563% F:48.06255138% O:0.00256983%"", ""p_true_raw"": 0.5192710563413458, ""p_false_raw"": 0.4806255138154727}]",T:50.91749316% F:49.07837507% A:0.00122116%,3-2,True
95,are trinidad and tobago in the world cup 2018,false,"[{""domanda_alt"": ""are trinidad and tobago in the world cup 2018"", ""risposta_pulita"": ""false"", ""prob_unita_alt"": ""T:0.62709284% F:99.37009509% O:0.00080122%"", ""p_true_raw"": 0.006270928396715597, ""p_false_raw"": 0.9937009509089163}, {""domanda_alt"": ""Did Trinidad and Tobago participate in the FIFA World"", ""risposta_pulita"": ""false"", ""prob_unita_alt"": ""T:27.85712906% F:72.13065306% O:0.00440763%"", ""p_true_raw"": 0.2785712905615926, ""p_false_raw"": 0.7213065305633246}, {""domanda_alt"": ""Was Trinidad and Tobago involved in the FIFA World"", ""risposta_pulita"": ""true"", ""prob_unita_alt"": ""T:97.12791750% F:2.86909787% O:0.00218383%"", ""p_true_raw"": 0.9712791750314941, ""p_false_raw"": 0.028690978744274447}, {""domanda_alt"": ""Did Trinidad and Tobago participate in the FIFA World"", ""risposta_pulita"": ""false"", ""prob_unita_alt"": ""T:27.85712906% F:72.13065306% O:0.00440763%"", ""p_true_raw"": 0.2785712905615926, ""p_false_raw"": 0.7213065305633246}, {""domanda_alt"": ""Was Trinidad and Tobago a participant in the FIFA"", ""risposta_pulita"": ""false"", ""prob_unita_alt"": ""T:18.76505946% F:81.22522618% O:0.00318822%"", ""p_true_raw"": 0.18765059458108418, ""p_false_raw"": 0.8122522617884764}]",T:34.44686558% F:65.54514505% A:0.00299771%,4-1,True
96,is it illegal to deface money in the uk,true,"[{""domanda_alt"": ""is it illegal to deface money in the uk"", ""risposta_pulita"": ""true"", ""prob_unita_alt"": ""T:77.02807904% F:22.97052462% O:0.00038837%"", ""p_true_raw"": 0.7702807903827608, ""p_false_raw"": 0.22970524618334554}, {""domanda_alt"": ""Is the act of damaging or altering banknotes unlawful"", ""risposta_pulita"": ""true"", ""prob_unita_alt"": ""T:58.19290042% F:41.80388411% O:0.00082415%"", ""p_true_raw"": 0.5819290042317049, ""p_false_raw"": 0.4180388410566284}, {""domanda_alt"": ""Is it illegal to intentionally tamper with or harm"", ""risposta_pulita"": ""true"", ""prob_unita_alt"": ""T:77.08445129% F:22.91073675% O:0.00100397%"", ""p_true_raw"": 0.7708445129226134, ""p_false_raw"": 0.22910736754071148}, {""domanda_alt"": ""Is deliberately sabotaging or causing harm to something a"", ""risposta_pulita"": ""false"", ""prob_unita_alt"": ""T:35.80250313% F:63.92197770% O:0.21759549%"", ""p_true_raw"": 0.3580250313415582, ""p_false_raw"": 0.6392197769678047}, {""domanda_alt"": ""Would intentionally disrupting or injuring something constitute a"", ""risposta_pulita"": ""false"", ""prob_unita_alt"": ""T:22.19961917% F:77.73566520% O:0.04248824%"", ""p_true_raw"": 0.2219961917230944, ""p_false_raw"": 0.7773566519662753}]",T:54.06151061% F:45.86855767% A:0.05246004%,3-2,True
97,is there a new season of hart of dixie,false,"[{""domanda_alt"": ""is there a new season of hart of dixie"", ""risposta_pulita"": ""false"", ""prob_unita_alt"": ""T:0.01279968% F:99.98668896% O:0.00017025%"", ""p_true_raw"": 0.0001279968400591192, ""p_false_raw"": 0.9998668895577344}, {""domanda_alt"": ""Will there be an additional installment in the Hart of"", ""risposta_pulita"": ""false"", ""prob_unita_alt"": ""T:0.00030374% F:99.99925838% O:0.00020904%"", ""p_true_raw"": 3.0373996665455474e-06, ""p_false_raw"": 0.9999925838175355}, {""domanda_alt"": ""Will a subsequent part in the series \""Hart"", ""risposta_pulita"": ""false"", ""prob_unita_alt"": ""T:0.71639035% F:99.28095640% O:0.00111469%"", ""p_true_raw"": 0.007163903508758487, ""p_false_raw"": 0.9928095639752104}, {""domanda_alt"": ""Will a future installment in the ongoing narrative arc of"", ""risposta_pulita"": ""false"", ""prob_unita_alt"": ""T:0.00495604% F:99.99270186% O:0.00104615%"", ""p_true_raw"": 4.956042700458274e-05, ""p_false_raw"": 0.9999270185556176}, {""domanda_alt"": ""Will a subsequent episode within the unfolding storyline of"", ""risposta_pulita"": ""false"", ""prob_unita_alt"": ""T:0.71687172% F:99.27883963% O:0.00152057%"", ""p_true_raw"": 0.00716871716817813, ""p_false_raw"": 0.9927883962980932}]",T:0.29026431% F:99.70768904% A:0.00081214%,5-0,True
98,can you get more than one varsity letter,true,"[{""domanda_alt"": ""can you get more than one varsity letter"", ""risposta_pulita"": ""true"", ""prob_unita_alt"": ""T:87.24174397% F:12.75113703% O:0.00371931%"", ""p_true_raw"": 0.8724174397003471, ""p_false_raw"": 0.12751137027412915}, {""domanda_alt"": ""Is it possible to earn multiple varsity letters in"", ""risposta_pulita"": ""true"", ""prob_unita_alt"": ""T:86.08603725% F:13.90622091% O:0.00211690%"", ""p_true_raw"": 0.8608603725341589, ""p_false_raw"": 0.13906220905990394}, {""domanda_alt"": ""Can one receive multiple varsity letters for"", ""risposta_pulita"": ""true"", ""prob_unita_alt"": ""T:98.51887605% F:1.47808715% O:0.00126248%"", ""p_true_raw"": 0.9851887605260926, ""p_false_raw"": 0.01478087147154851}, {""domanda_alt"": ""Is it possible to earn more than one varsity"", ""risposta_pulita"": ""false"", ""prob_unita_alt"": ""T:28.06348692% F:71.92545472% O:0.00179542%"", ""p_true_raw"": 0.2806348692250373, ""p_false_raw"": 0.7192545471578282}, {""domanda_alt"": ""Can a single individual receive multiple varsity letters?"", ""risposta_pulita"": ""true"", ""prob_unita_alt"": ""T:91.17080513% F:8.82550529% O:0.00189370%"", ""p_true_raw"": 0.9117080513051674, ""p_false_raw"": 0.08825505293850064}]",T:78.21618987% F:21.77728102% A:0.00215756%,4-1,True
99,is pb(no3)2 soluble in water,true,"[{""domanda_alt"": ""is pb(no3)2 soluble in water"", ""risposta_pulita"": ""true"", ""prob_unita_alt"": ""T:99.24727589% F:0.75058113% O:0.00126239%"", ""p_true_raw"": 0.9924727588967522, ""p_false_raw"": 0.007505811330973482}, {""domanda_alt"": ""Does lead(II) nitrate exhibit solub"", ""risposta_pulita"": ""true"", ""prob_unita_alt"": ""T:99.23524188% F:0.76333970% O:0.00074375%"", ""p_true_raw"": 0.9923524187882513, ""p_false_raw"": 0.0076333970263460765}, {""domanda_alt"": ""Is lead(II) nitrate soluble in a"", ""risposta_pulita"": ""true"", ""prob_unita_alt"": ""T:99.81378386% F:0.18516278% O:0.00066036%"", ""p_true_raw"": 0.9981378386171864, ""p_false_raw"": 0.0018516278463425399}, {""domanda_alt"": ""Does lead(II) nitrate have a significant"", ""risposta_pulita"": ""true"", ""prob_unita_alt"": ""T:67.82282158% F:32.15726187% O:0.00502196%"", ""p_true_raw"": 0.6782282158093539, ""p_false_raw"": 0.32157261872755794}, {""domanda_alt"": ""Is there a substantial tendency for lead(II)"", ""risposta_pulita"": ""false"", ""prob_unita_alt"": ""T:19.12820759% F:80.85906299% O:0.00278556%"", ""p_true_raw"": 0.19128207586740517, ""p_false_raw"": 0.8085906298712199}]",T:77.04946616% F:22.94308170% A:0.00209480%,4-1,True
100,is there a difference between a baritone and euphonium,true,"[{""domanda_alt"": ""is there a difference between a baritone and euphonium"", ""risposta_pulita"": ""true"", ""prob_unita_alt"": ""T:99.61009588% F:0.38829340% O:0.00112667%"", ""p_true_raw"": 0.9961009587924922, ""p_false_raw"": 0.003882934002358416}, {""domanda_alt"": ""Does the term \""baritone\"" accurately capture all"", ""risposta_pulita"": ""false"", ""prob_unita_alt"": ""T:8.14367769% F:91.85010252% O:0.00166788%"", ""p_true_raw"": 0.08143677693138981, ""p_false_raw"": 0.9185010252475698}, {""domanda_alt"": ""Does the label \""baritone\"" effectively convey all"", ""risposta_pulita"": ""false"", ""prob_unita_alt"": ""T:1.66783561% F:98.32728782% O:0.00170395%"", ""p_true_raw"": 0.01667835606777339, ""p_false_raw"": 0.9832728782042102}, {""domanda_alt"": ""Can the term \""baritone\"" fully capture the"", ""risposta_pulita"": ""false"", ""prob_unita_alt"": ""T:4.84304007% F:95.14902273% O:0.00228642%"", ""p_true_raw"": 0.04843040069004883, ""p_false_raw"": 0.9514902272891796}, {""domanda_alt"": ""Does the label \""baritone\"" adequately encompass the"", ""risposta_pulita"": ""false"", ""prob_unita_alt"": ""T:0.07245704% F:99.92601585% O:0.00038473%"", ""p_true_raw"": 0.000724570385231796, ""p_false_raw"": 0.9992601584500713}]",T:22.86742126% F:77.12814446% A:0.00143393%,4-1,False
